date,value
2013-06-24,0.07629031458620561
2013-06-25,0.3260987133055181
2013-06-26,0.15619110979288076
2013-06-27,0.11883070842943488
2013-06-28,0.6762655482786087
2013-07-01,0.7234888373600392
2013-07-02,0.5254856392862933
2013-07-03,0.5402794440156579
2013-07-05,0.12370730381576167
2013-07-08,0.5034920569616455
2013-07-09,0.46908665996818333
2013-07-10,0.48097365835176376
2013-07-11,0.9880789164141422
2013-07-12,0.43376830041452186
2013-07-15,0.9819555603129889
2013-07-16,0.011260322400113654
2013-07-17,0.9562495529315836
2013-07-18,0.12741241810328563
2013-07-19,0.2818687250885715
2013-07-22,0.20609973225856582
2013-07-23,0.25900432319430367
2013-07-24,0.3130857440612893
2013-07-25,0.6020807402921967
2013-07-26,0.22581276293383645
2013-07-29,0.24795472232210525
2013-07-30,0.01495816095837288
2013-07-31,0.9323017793023286
2013-08-01,0.7109473370239753
2013-08-02,0.13063227258799703
2013-08-05,0.9707021817799887
2013-08-06,0.709094631774322
2013-08-07,0.5487490101801261
2013-08-08,0.057659609546036106
2013-08-09,0.3689581113379785
2013-08-12,0.27225336510536846
2013-08-13,0.006569118906371796
2013-08-14,0.8686552980214584
2013-08-15,0.4071067926556651
2013-08-16,0.26831680475472386
2013-08-19,0.3719889039872504
2013-08-20,0.960303365589146
2013-08-21,0.010593365078858663
2013-08-22,0.6999040247696605
2013-08-23,0.6927408682747331
2013-08-26,0.18892696143589327
2013-08-27,0.6236913551273773
2013-08-28,0.17389508060023873
2013-08-29,0.5446381942283914
2013-08-30,0.06656017946455361
2013-09-03,0.5964777509803971
2013-09-04,0.07012221027487153
2013-09-05,0.16784399241844417
2013-09-06,0.7975010632784292
2013-09-09,0.4072737700596486
2013-09-10,0.6714381275591779
2013-09-11,0.5728155930254956
2013-09-12,0.19159922617121217
2013-09-13,0.42785457450166664
2013-09-16,0.31955130533057263
2013-09-17,0.2936073472350206
2013-09-18,0.6315616243392287
2013-09-19,0.25261639036393857
2013-09-20,0.4260161251752169
2013-09-23,0.3690631630107377
2013-09-24,0.7904453967670085
2013-09-25,0.6290431109809256
2013-09-26,0.6740724165217574
2013-09-27,0.09952067569334111
2013-09-30,0.9964833022963397
2013-10-01,0.2672360797683375
2013-10-02,0.9822803421282789
2013-10-03,0.7521724058127929
2013-10-04,0.823656542954566
2013-10-07,0.7455003340049281
2013-10-08,0.9281435642537663
2013-10-09,0.19462717722533396
2013-10-10,0.8754369152094064
2013-10-11,0.8181872143522145
2013-10-14,0.4624354949538212
2013-10-15,0.31448529929967006
2013-10-16,0.36585071356797927
2013-10-17,0.9933695141172811
2013-10-18,0.45363382348246684
2013-10-21,0.3946699424409298
2013-10-22,0.1686552206851215
2013-10-23,0.5832501975064649
2013-10-24,0.39476397968811705
2013-10-25,0.7808426026164983
2013-10-28,0.3580667108442719
2013-10-29,0.339589907852771
2013-10-30,0.25114334597991883
2013-10-31,0.010584052378232123
2013-11-01,0.26344801080479463
2013-11-04,0.5702662551039992
2013-11-05,0.8857158364241451
2013-11-06,0.2648225037828166
2013-11-07,0.8892392029303856
2013-11-08,0.3839422442430733
2013-11-11,0.46256903936837224
2013-11-12,0.6022642420096149
2013-11-13,0.6955309182116879
2013-11-14,0.9064351313370173
2013-11-15,0.3362346598581143
2013-11-18,0.3010980326648208
2013-11-19,0.9166121799442657
2013-11-20,0.23428013871569664
2013-11-21,0.3363438048660503
2013-11-22,0.32841201273684695
2013-11-25,0.13862748819063797
2013-11-26,0.36396886053466015
2013-11-27,0.3232466952002362
2013-11-29,0.9326535464783481
2013-12-02,0.7714442063694087
2013-12-03,0.339579014551882
2013-12-04,0.5264985277548415
2013-12-05,0.42876202084349047
2013-12-06,0.6399944575848757
2013-12-09,0.5737759994792372
2013-12-10,0.35655000848067653
2013-12-11,0.6770321202776285
2013-12-12,0.6675683829320946
2013-12-13,0.8389236593365501
2013-12-16,0.8256280503619212
2013-12-17,0.14487410529257405
2013-12-18,0.7586929037017353
2013-12-19,0.810184839619816
2013-12-20,0.16787105419046433
2013-12-23,0.7091498223706877
2013-12-24,0.6684067995913499
2013-12-26,0.5637096021222753
2013-12-27,0.7497804494481252
2013-12-30,0.10944940973129391
2013-12-31,0.01367932047864695
2014-01-02,0.7153690026243144
2014-01-03,0.9816180518599894
2014-01-06,0.41189208324771254
2014-01-07,0.2708241688824138
2014-01-08,0.6918680631029086
2014-01-09,0.2053073310404484
2014-01-10,0.6228593009664516
2014-01-13,0.052985673351010676
2014-01-14,0.6987300451224552
2014-01-15,0.7189011924558959
2014-01-16,0.9858227142458615
2014-01-17,0.18073900438873725
2014-01-21,0.9855959683495755
2014-01-22,0.011781891961679447
2014-01-23,0.05245562865181541
2014-01-24,0.5586405058650071
2014-01-27,0.7866732832326501
2014-01-28,0.4065994219131813
2014-01-29,0.6860920310535701
2014-01-30,0.4257753883268842
2014-01-31,0.5993077926179445
2014-02-03,0.9895668705070668
2014-02-04,0.562685219311811
2014-02-05,0.5721113540444944
2014-02-06,0.1728863413819619
2014-02-07,0.0429834244423426
2014-02-10,0.0948421110645512
2014-02-11,0.6500302821280483
2014-02-12,0.128109759678953
2014-02-13,0.7080504526458976
2014-02-14,0.725940745834135
2014-02-18,0.8855897923293489
2014-02-19,0.9796006941011737
2014-02-20,0.14043580376178622
2014-02-21,0.8267866451843946
2014-02-24,0.5242421892128907
2014-02-25,0.4634163150340411
2014-02-26,0.16320998625412142
2014-02-27,0.5594742905243637
2014-02-28,0.09666174673841099
2014-03-03,0.1085574468976489
2014-03-04,0.6622978452568131
2014-03-05,0.1910171544371183
2014-03-06,0.4251774981961456
2014-03-07,0.5480531666210391
2014-03-10,0.06022420561404984
2014-03-11,0.755314987901175
2014-03-12,0.7047600613467809
2014-03-13,0.5559239933338789
2014-03-14,0.7011520627734169
2014-03-17,0.43838737049485177
2014-03-18,0.9886989557034249
2014-03-19,0.22039837817895014
2014-03-20,0.5724257074728681
2014-03-21,0.776246065146116
2014-03-24,0.7420487971979101
2014-03-25,0.2831462477831701
2014-03-26,0.8826150603748609
2014-03-27,0.10905125302707308
2014-03-28,0.11135428904185662
2014-03-31,0.6176226148603476
2014-04-01,0.43551265552193075
2014-04-02,0.8809795943855724
2014-04-03,0.5171842710192405
2014-04-04,0.8858218907766039
2014-04-07,0.5223011377330273
2014-04-08,0.7367649435778318
2014-04-09,0.7880152925617523
2014-04-10,0.1720555586885325
2014-04-11,0.4062159740726874
2014-04-14,0.31071685373705293
2014-04-15,0.4785042313444764
2014-04-16,0.6710851388058354
2014-04-17,0.6396785266043316
2014-04-21,0.8560153564908581
2014-04-22,0.145972316682901
2014-04-23,0.8482346154779034
2014-04-24,0.08418801105607443
2014-04-25,0.9332657185585761
2014-04-28,0.14614916660183486
2014-04-29,0.25789071259787255
2014-04-30,0.008274622069351145
2014-05-01,0.563467932927448
2014-05-02,0.6936121374307431
2014-05-05,0.9602887356767507
2014-05-06,0.29214941448822207
2014-05-07,0.2897833953025265
2014-05-08,0.9440878452977225
2014-05-09,0.08256656864504919
2014-05-12,0.33547510341804243
2014-05-13,0.759038554551105
2014-05-14,0.234701605453692
2014-05-15,0.040236158718656045
2014-05-16,0.33993792165392467
2014-05-19,0.3311378598339292
2014-05-20,0.2163020790638639
2014-05-21,0.26486298894936156
2014-05-22,0.9776702715178008
2014-05-23,0.45619866364687334
2014-05-27,0.7186342530421325
2014-05-28,0.9761255682137449
2014-05-29,0.8181781107330388
2014-05-30,0.04439308949512499
2014-06-02,0.042340023350056266
2014-06-03,0.5790650856923549
2014-06-04,0.889782859413756
2014-06-05,0.09067858804746498
2014-06-06,0.27464143385607
2014-06-09,0.25663721137582185
2014-06-10,0.5866262076117191
2014-06-11,0.3412136379062739
2014-06-12,0.16347511990019736
2014-06-13,0.2305217973132888
2014-06-16,0.0788496248906021
2014-06-17,0.6539734577797078
2014-06-18,0.800925992260848
2014-06-19,0.3786069214260698
2014-06-20,0.11630987155595629
2014-06-23,0.6522235080726648
2014-06-24,0.35985782691017154
2014-06-25,0.0009699971011792874
2014-06-26,0.2947022639266603
2014-06-27,0.35531183312532466
2014-06-30,0.20934388669334825
2014-07-01,0.5587307786138932
2014-07-02,0.39400533641646374
2014-07-03,0.4048806406439134
2014-07-07,0.046753588948083125
2014-07-08,0.908154351611946
2014-07-09,0.9164529746471861
2014-07-10,0.781512385896066
2014-07-11,0.5431516640672452
2014-07-14,0.10071653179610596
2014-07-15,0.014413181307398104
2014-07-16,0.5993524726252227
2014-07-17,0.9868786359140688
2014-07-18,0.003197418910487859
2014-07-21,0.8992303893346639
2014-07-22,0.2255169951922512
2014-07-23,0.8712135683948262
2014-07-24,0.6738506336732354
2014-07-25,0.6274478400337005
2014-07-28,0.29696702726204516
2014-07-29,0.4111844414971044
2014-07-30,0.7626236305694952
2014-07-31,0.7623828491378288
2014-08-01,0.2272756939122319
2014-08-04,0.5550394603534765
2014-08-05,0.05027325320957099
2014-08-06,0.3262294035299761
2014-08-07,0.2724279184381899
2014-08-08,0.10990181642520758
2014-08-11,0.34142068186595453
2014-08-12,0.8784733115666002
2014-08-13,0.9969644197004156
2014-08-14,0.0974299660697805
2014-08-15,0.55629913865332
2014-08-18,0.5360118851376594
2014-08-19,0.11231580994031598
2014-08-20,0.8600812641182766
2014-08-21,0.6350941964976587
2014-08-22,0.9999783205781071
2014-08-25,0.028393335724220314
2014-08-26,0.42094998725989496
2014-08-27,0.11409260255143705
2014-08-28,0.8645629464958982
2014-08-29,0.04519543713976315
2014-09-02,0.5411217771066729
2014-09-03,0.3725745215181674
2014-09-04,0.7660446707402531
2014-09-05,0.36898473556013
2014-09-08,0.31802838598962924
2014-09-09,0.9962398591895739
2014-09-10,0.9140094579248117
2014-09-11,0.4892999393391715
2014-09-12,0.15173196066140715
2014-09-15,0.8565421173032718
2014-09-16,0.47594626606789203
2014-09-17,0.5415012452919944
2014-09-18,0.8595453238297922
2014-09-19,0.760022012633986
2014-09-22,0.6218290796645547
2014-09-23,0.3754267133429111
2014-09-24,0.11791758353146453
2014-09-25,0.4586141727488867
2014-09-26,0.49335533621436156
2014-09-29,0.8805082493984017
2014-09-30,0.9442843424706712
2014-10-01,0.783660148387815
2014-10-02,0.9044020872804147
2014-10-03,0.9601854249782638
2014-10-06,0.16835820816918623
2014-10-07,0.7045448148210918
2014-10-08,0.4080244490793147
2014-10-09,0.7214257474196336
2014-10-10,0.10658592574688619
2014-10-13,0.6608175850266218
2014-10-14,0.5109224633319166
2014-10-15,0.9672842677685157
2014-10-16,0.25217048187671864
2014-10-17,0.07454042195031219
2014-10-20,0.907341671617384
2014-10-21,0.8403142409484504
2014-10-22,0.15509751694632312
2014-10-23,0.14900678449809257
2014-10-24,0.476113200089033
2014-10-27,0.4954675724220684
2014-10-28,0.8269593124726373
2014-10-29,0.30705608634104575
2014-10-30,0.8821822461525024
2014-10-31,0.7042064088611729
2014-11-03,0.7764392681706627
2014-11-04,0.8335645565266154
2014-11-05,0.20435082742793487
2014-11-06,0.6667472527875669
2014-11-07,0.5659466675555631
2014-11-10,0.6675886049531199
2014-11-11,0.6519999657246666
2014-11-12,0.9541385279026757
2014-11-13,0.38137439519335325
2014-11-14,0.8396118938693493
2014-11-17,0.3318150960627665
2014-11-18,0.7659465384765717
2014-11-19,0.4996656884357812
2014-11-20,0.47566299818035274
2014-11-21,0.4706955872075197
2014-11-24,0.7050474139122568
2014-11-25,0.8696048517758206
2014-11-26,0.5787341163087247
2014-11-28,0.9819467756135002
2014-12-01,0.7151659082579752
2014-12-02,0.03383011755121268
2014-12-03,0.07562593492296366
2014-12-04,0.5587857498961177
2014-12-05,0.9211377714653304
2014-12-08,0.7244601228011306
2014-12-09,0.5315980253721783
2014-12-10,0.720999401781622
2014-12-11,0.9522168782558712
2014-12-12,0.9941092165331259
2014-12-15,0.9685524227122781
2014-12-16,0.9531317183236733
2014-12-17,0.5057911271994218
2014-12-18,0.13606309162792696
2014-12-19,0.9754249146278219
2014-12-22,0.9302262665683175
2014-12-23,0.19619412144805293
2014-12-24,0.9759192847024013
2014-12-26,0.7313804060339749
2014-12-29,0.6932409491624322
2014-12-30,0.10069012455074222
2014-12-31,0.798373738679698
2015-01-02,0.8703475071285547
2015-01-05,0.3268603855804223
2015-01-06,0.4849027009204393
2015-01-07,0.7196615640687165
2015-01-08,0.36858479118496124
2015-01-09,0.9277411946242288
2015-01-12,0.21488374231342866
2015-01-13,0.15065533911066287
2015-01-14,0.8795423383853403
2015-01-15,0.0322132300689697
2015-01-16,0.6389338010197929
2015-01-20,0.9185021330370419
2015-01-21,0.32702885179659213
2015-01-22,0.5714003208963929
2015-01-23,0.18111274514880205
2015-01-26,0.598554346855132
2015-01-27,0.0731611416684177
2015-01-28,0.33158462464288085
2015-01-29,0.1177371513882205
2015-01-30,0.370492988405116
2015-02-02,0.6992519285178997
2015-02-03,0.8206126437446757
2015-02-04,0.23256072838649589
2015-02-05,0.3843366191354738
2015-02-06,0.4902473783464012
2015-02-09,0.18607527013018088
2015-02-10,0.38567382263684125
2015-02-11,0.01646659701957509
2015-02-12,0.15023056804131607
2015-02-13,0.14713196580098875
2015-02-17,0.7372824810082889
2015-02-18,0.13493104954282453
2015-02-19,0.9048938905332652
2015-02-20,0.18062732955692984
2015-02-23,0.23366870257921124
2015-02-24,0.4815759659199955
2015-02-25,0.19946001975457306
2015-02-26,0.039351089699405484
2015-02-27,0.4137399942256462
2015-03-02,0.9351196048220243
2015-03-03,0.6462608816741172
2015-03-04,0.19718860263508498
2015-03-05,0.1524802366113852
2015-03-06,0.9373503176054898
2015-03-09,0.2966041306496523
2015-03-10,0.19153170245101137
2015-03-11,0.4331355939361371
2015-03-12,0.9358221870961677
2015-03-13,0.47246945619954894
2015-03-16,0.5770844253655386
2015-03-17,0.7983005438579771
2015-03-18,0.7096227417159524
2015-03-19,0.9534483637053739
2015-03-20,0.5229921533279748
2015-03-23,0.7901998854250026
2015-03-24,0.7516557221584464
2015-03-25,0.04144122797203309
2015-03-26,0.7379392186218497
2015-03-27,0.36381235605243134
2015-03-30,0.7158279535063393
2015-03-31,0.5211256679863854
2015-04-01,0.04027272873190557
2015-04-02,0.5375948699842128
2015-04-06,0.43772032211503653
2015-04-07,0.20262250072641175
2015-04-08,0.8242103001700257
2015-04-09,0.5933438469120159
2015-04-10,0.6092801554796351
2015-04-13,0.2633725810198515
2015-04-14,0.10768873998699857
2015-04-15,0.7144128594221719
2015-04-16,0.03626528213254099
2015-04-17,0.6982316338081827
2015-04-20,0.8510274201094795
2015-04-21,0.7515086248671943
2015-04-22,0.7040487532325218
2015-04-23,0.37307278395901144
2015-04-24,0.04069042015140445
2015-04-27,0.5143422769627379
2015-04-28,0.9246602417980071
2015-04-29,0.135393745291276
2015-04-30,0.6940750576450543
2015-05-01,0.5497005138351628
2015-05-04,0.9892696428776355
2015-05-05,0.3562814480240437
2015-05-06,0.662169269910436
2015-05-07,0.31580011865913205
2015-05-08,0.3378013595718773
2015-05-11,0.46229874368350776
2015-05-12,0.7479857123390329
2015-05-13,0.91541094004143
2015-05-14,0.5952755433695942
2015-05-15,0.35172307177474293
2015-05-18,0.45905936155416915
2015-05-19,0.8065574278090928
2015-05-20,0.149215998515571
2015-05-21,0.832538525664371
2015-05-22,0.2641036635687811
2015-05-26,0.3364359533649647
2015-05-27,0.4819267364283629
2015-05-28,0.11942296471986924
2015-05-29,0.49609356918953496
2015-06-01,0.4006726017035982
2015-06-02,0.5916631148870308
2015-06-03,0.5420006583829029
2015-06-04,0.31446322024493534
2015-06-05,0.7853939533581621
2015-06-08,0.3555940391399901
2015-06-09,0.13841403917488282
2015-06-10,0.10112942773754563
2015-06-11,0.4321249015930049
2015-06-12,0.5232585186669543
2015-06-15,0.05113405574678831
2015-06-16,0.022363014506166845
2015-06-17,0.6681705676985377
2015-06-18,0.36581761659899903
2015-06-19,0.972863599023902
2015-06-22,0.33493154116866297
2015-06-23,0.7583621288083642
2015-06-24,0.38500130547702416
2015-06-25,0.34401899084657883
2015-06-26,0.7707199821215435
2015-06-29,0.06697312192768978
2015-06-30,0.33484694130388515
2015-07-01,0.7021752769686478
2015-07-02,0.2685966808980955
2015-07-06,0.5705733559295727
2015-07-07,0.7043779462753009
2015-07-08,0.19686750721585122
2015-07-09,0.6742911972031871
2015-07-10,0.382752371231986
2015-07-13,0.7561527747076073
2015-07-14,0.9276358089944877
2015-07-15,0.4127736373455758
2015-07-16,0.5189865527406123
2015-07-17,0.46789238329513105
2015-07-20,0.6136686161445192
2015-07-21,0.39484496088153076
2015-07-22,0.2044762466328801
2015-07-23,0.8289643201678488
2015-07-24,0.694489329204243
2015-07-27,0.26896198019432627
2015-07-28,0.4198549978960001
2015-07-29,0.12479419749296172
2015-07-30,0.20524480887088326
2015-07-31,0.3653354517994939
2015-08-03,0.7639704079014213
2015-08-04,0.07955190912650445
2015-08-05,0.5985808794371344
2015-08-06,0.5038637032035617
2015-08-07,0.844060144443769
2015-08-10,0.22833943465863016
2015-08-11,0.6465968790943132
2015-08-12,0.3094972598869328
2015-08-13,0.4611817977627679
2015-08-14,0.28871548940268865
2015-08-17,0.7084096740520728
2015-08-18,0.01853378422477303
2015-08-19,0.32824219516893505
2015-08-20,0.9872757763426971
2015-08-21,0.26922331960705015
2015-08-24,0.8746188538832925
2015-08-25,0.95844010424159
2015-08-26,0.7058318120385731
2015-08-27,0.8732887503362922
2015-08-28,0.5922414698877907
2015-08-31,0.48567418346317925
2015-09-01,0.48594635899136396
2015-09-02,0.876992841613441
2015-09-03,0.1380153652311633
2015-09-04,0.539347819130622
2015-09-08,0.5540715883320242
2015-09-09,0.0345791756295889
2015-09-10,0.5956234849289568
2015-09-11,0.13129027451947306
2015-09-14,0.29702186999123614
2015-09-15,0.06458741888724828
2015-09-16,0.10989377359354113
2015-09-17,0.9556554788160554
2015-09-18,0.9478035910279955
2015-09-21,0.24503825217488817
2015-09-22,0.8900982491541083
2015-09-23,0.4574674674258432
2015-09-24,0.6544128117971988
2015-09-25,0.5169722444973132
2015-09-28,0.846628118827801
2015-09-29,0.6757705523635344
2015-09-30,0.7691542676276321
2015-10-01,0.9743123176553535
2015-10-02,0.7034833020740328
2015-10-05,0.5248790469057214
2015-10-06,0.3449249700551108
2015-10-07,0.5593314313123776
2015-10-08,0.8501985934260357
2015-10-09,0.6376781918562838
2015-10-12,0.504608077138954
2015-10-13,0.7012305825574793
2015-10-14,0.43272403980344276
2015-10-15,0.43724883631629297
2015-10-16,0.4257334917318979
2015-10-19,0.8689222403435782
2015-10-20,0.8299414809878216
2015-10-21,0.7029345983041441
2015-10-22,0.6721573426370564
2015-10-23,0.3674444638038903
2015-10-26,0.9156668692406054
2015-10-27,0.15846377930686772
2015-10-28,0.9149452422397096
2015-10-29,0.2252333118647879
2015-10-30,0.8241632595315079
2015-11-02,0.8466326298588065
2015-11-03,0.724488657500548
2015-11-04,0.6276778752441434
2015-11-05,0.47691752396767473
2015-11-06,0.16328436787183076
2015-11-09,0.3976511613298077
2015-11-10,0.1824134647733462
2015-11-11,0.49786021982816175
2015-11-12,0.9342015749167075
2015-11-13,0.8482773179172698
2015-11-16,0.3911837826085639
2015-11-17,0.5380192586546552
2015-11-18,0.6192241058774904
2015-11-19,0.025351902261782744
2015-11-20,0.9283391168325412
2015-11-23,0.15980410182163896
2015-11-24,0.8495637334435656
2015-11-25,0.06673846626137847
2015-11-27,0.1703708187820142
2015-11-30,0.3436376754124192
2015-12-01,0.5740470333330394
2015-12-02,0.780855103628139
2015-12-03,0.9567359292652722
2015-12-04,0.8136681909287903
2015-12-07,0.0911589948540048
2015-12-08,0.00915848139980191
2015-12-09,0.963276350060912
2015-12-10,0.17115646360850667
2015-12-11,0.1617160718078967
2015-12-14,0.21859288707058866
2015-12-15,0.2733453448246915
2015-12-16,0.782656720032003
2015-12-17,0.14088924519103552
2015-12-18,0.7051541802194655
2015-12-21,0.23511338782933422
2015-12-22,0.8934494466055162
2015-12-23,0.9164781875763034
2015-12-24,0.07772415892438489
2015-12-28,0.1938494664805458
2015-12-29,0.12447918454021767
2015-12-30,0.9663071385151956
2015-12-31,0.6186175494665052
2016-01-04,0.4895577294314709
2016-01-05,0.6831365953152082
2016-01-06,0.8060491965312108
2016-01-07,0.6456106864326883
2016-01-08,0.2783293132814961
2016-01-11,0.17975276883962232
2016-01-12,0.5984829172807222
2016-01-13,0.11313324191211904
2016-01-14,0.40099311144958005
2016-01-15,0.29796387352085274
2016-01-19,0.4560833525535558
2016-01-20,0.9773098085788396
2016-01-21,0.11344810299095576
2016-01-22,0.3627116072444314
2016-01-25,0.18755858823541127
2016-01-26,0.6239993452013476
2016-01-27,0.4856516577533486
2016-01-28,0.9721330578927072
2016-01-29,0.9787798834399782
2016-02-01,0.9520505126796452
2016-02-02,0.37335043034349324
2016-02-03,0.5338471197204808
2016-02-04,0.6906679627486916
2016-02-05,0.464601217311862
2016-02-08,0.4628904024483952
2016-02-09,0.1816279925379003
2016-02-10,0.5426870905939949
2016-02-11,0.005711379875501743
2016-02-12,0.8569905237916575
2016-02-16,0.4028697146316853
2016-02-17,0.78780630289201
2016-02-18,0.9280563764414002
2016-02-19,0.1156875812788607
2016-02-22,0.2858518039253819
2016-02-23,0.5001887761921742
2016-02-24,0.7676633648348808
2016-02-25,0.9332902913509223
2016-02-26,0.08918522745225299
2016-02-29,0.1829481181844087
2016-03-01,0.8691214273501433
2016-03-02,0.4649931163780737
2016-03-03,0.9005578203732136
2016-03-04,0.9841215248455889
2016-03-07,0.2517779633514904
2016-03-08,0.38781930330751746
2016-03-09,0.1323408455961793
2016-03-10,0.5866134970590947
2016-03-11,0.30764628827398555
2016-03-14,0.6040186984402173
2016-03-15,0.6663501650923842
2016-03-16,0.27283194962915647
2016-03-17,0.736750140109948
2016-03-18,0.18163577012202203
2016-03-21,0.7007743030159428
2016-03-22,0.7523221208475285
2016-03-23,0.06705923396319946
2016-03-24,0.20146102192728832
2016-03-28,0.8548158523231962
2016-03-29,0.09832279444840997
2016-03-30,0.3017633525783616
2016-03-31,0.5605321288124879
2016-04-01,0.9725556294106125
2016-04-04,0.6014318467396463
2016-04-05,0.38170361271968145
2016-04-06,0.570716615113945
2016-04-07,0.4620892992662643
2016-04-08,0.8105914443177124
2016-04-11,0.15195506930520242
2016-04-12,0.9140821653029992
2016-04-13,0.6684812622631174
2016-04-14,0.6092352941711597
2016-04-15,0.3054884584983629
2016-04-18,0.4724555650907811
2016-04-19,0.8012027666359371
2016-04-20,0.38773461859198555
2016-04-21,0.018760865812346483
2016-04-22,0.33650257301595055
2016-04-25,0.5058279287017392
2016-04-26,0.8753426140138112
2016-04-27,0.8919865171013566
2016-04-28,0.5798727621832929
2016-04-29,0.28717674266722715
2016-05-02,0.852784206510512
2016-05-03,0.6362226128822277
2016-05-04,0.7135394477761079
2016-05-05,0.1233864569268267
2016-05-06,0.6251302179244542
2016-05-09,0.08251681385210752
2016-05-10,0.44802541600569845
2016-05-11,0.34313060575013643
2016-05-12,0.32491219665796434
2016-05-13,0.20958029906175535
2016-05-16,0.7758385134660473
2016-05-17,0.7273557103562162
2016-05-18,0.4865524348612166
2016-05-19,0.5180945749858367
2016-05-20,0.40442732914264057
2016-05-23,0.294489226187886
2016-05-24,0.49241724927683816
2016-05-25,0.04931379726256635
2016-05-26,0.048338409097311574
2016-05-27,0.9183542041677762
2016-05-31,0.8145094441174868
2016-06-01,0.6935834937444534
2016-06-02,0.9019642919490852
2016-06-03,0.4954863236421869
2016-06-06,0.8863040468346954
2016-06-07,0.26133849146045507
2016-06-08,0.1311767632565256
2016-06-09,0.6247839864215609
2016-06-10,0.5659915092518608
2016-06-13,0.6220510009160832
2016-06-14,0.1437145437966324
2016-06-15,0.7033049656886078
2016-06-16,0.5402929957978517
2016-06-17,0.9788371066331144
2016-06-20,0.2928395882906051
2016-06-21,0.5910042197064772
2016-06-22,0.4359818114731665
2016-06-23,0.5164843831510951
2016-06-24,0.48816465379719065
2016-06-27,0.7653640836173549
2016-06-28,0.7841916948456841
2016-06-29,0.9365482296416399
2016-06-30,0.4009873753354515
2016-07-01,0.843336123455004
2016-07-05,0.7469031613527836
2016-07-06,0.6389681219513924
2016-07-07,0.5283160472121498
2016-07-08,0.6678429431740299
2016-07-11,0.9124963310202023
2016-07-12,0.7100869533478656
2016-07-13,0.7387902813503394
2016-07-14,0.05839285888206158
2016-07-15,0.22290294448927794
2016-07-18,0.028431752650048825
2016-07-19,0.0875594112040915
2016-07-20,0.11079443308442316
2016-07-21,0.07394759281078922
2016-07-22,0.44119163777574943
2016-07-25,0.6559931852183788
2016-07-26,0.21786457532057113
2016-07-27,0.5499493668461953
2016-07-28,0.8663302830501407
2016-07-29,0.7383099812584266
2016-08-01,0.5280343858783518
2016-08-02,0.06671598937575829
2016-08-03,0.4748015781128756
2016-08-04,0.6569052033113
2016-08-05,0.2351681859925806
2016-08-08,0.3748961551629947
2016-08-09,0.6425154873924799
2016-08-10,0.18355646795778957
2016-08-11,0.969483569088308
2016-08-12,0.9856819687028674
2016-08-15,0.9250018453897513
2016-08-16,0.9823834276123343
2016-08-17,0.4623298261692297
2016-08-18,0.30125449067360366
2016-08-19,0.7038660537303537
2016-08-22,0.2787574636700545
2016-08-23,0.21515072421497672
2016-08-24,0.34675854033052356
2016-08-25,0.6536179255115073
2016-08-26,0.7552736292175776
2016-08-29,0.8072623687422027
2016-08-30,0.414337226830769
2016-08-31,0.5895321696039302
2016-09-01,0.6319800600232635
2016-09-02,0.25742043834775685
2016-09-06,0.19280676064625646
2016-09-07,0.2728804939163031
2016-09-08,0.4304017501037376
2016-09-09,0.2881745714834144
2016-09-12,0.9142494494297685
2016-09-13,0.8776191992046182
2016-09-14,0.4601207802408209
2016-09-15,0.4421519900256693
2016-09-16,0.2834679524498668
2016-09-19,0.2158544924470548
2016-09-20,0.31195039948265746
2016-09-21,0.36684260662866364
2016-09-22,0.2174979560906899
2016-09-23,0.9778674348935865
2016-09-26,0.45539896838742644
2016-09-27,0.21224953701417737
2016-09-28,0.057570882469035745
2016-09-29,0.5008477174080203
2016-09-30,0.14437098653007763
2016-10-03,0.040096637967706794
2016-10-04,0.30714782778268834
2016-10-05,0.5582622974056894
2016-10-06,0.39305455935880396
2016-10-07,0.33719000356455386
2016-10-10,0.22982108211029884
2016-10-11,0.6629456695931255
2016-10-12,0.07493007484980774
2016-10-13,0.5084056210761891
2016-10-14,0.6762662320695407
2016-10-17,0.31324155997472725
2016-10-18,0.6986635954094409
2016-10-19,0.4414553172528406
2016-10-20,0.0351445456543662
2016-10-21,0.129728667404433
2016-10-24,0.44822181993225496
2016-10-25,0.22866126782064322
2016-10-26,0.027588834616393165
2016-10-27,0.8104230865446699
2016-10-28,0.3854883262401101
2016-10-31,0.6531382295893281
2016-11-01,0.2618545532650911
2016-11-02,0.33739096055759576
2016-11-03,0.02058378856408083
2016-11-04,0.5037543601218145
2016-11-07,0.9538557046809923
2016-11-08,0.8615197385586073
2016-11-09,0.05048729522094997
2016-11-10,0.5491393106962622
2016-11-11,0.24664409229925155
2016-11-14,0.40136256914681834
2016-11-15,0.44626929868290643
2016-11-16,0.3308027299284989
2016-11-17,0.8336055683542115
2016-11-18,0.9509203181445347
2016-11-21,0.16027034229273185
2016-11-22,0.23785744261993447
2016-11-23,0.5234542528588216
2016-11-25,0.5778731571610654
2016-11-28,0.7733576592532835
2016-11-29,0.9163183516096568
2016-11-30,0.5607009586160926
2016-12-01,0.6538071408138741
2016-12-02,0.4607140196763223
2016-12-05,0.28421364532468973
2016-12-06,0.007435569227902894
2016-12-07,0.2606421899809138
2016-12-08,0.607642079297945
2016-12-09,0.9651688305339505
2016-12-12,0.9374132999872805
2016-12-13,0.28760258140444084
2016-12-14,0.12572564856123747
2016-12-15,0.9340367189109582
2016-12-16,0.6384403233519156
2016-12-19,0.24982144237973325
2016-12-20,0.9491397549286285
2016-12-21,0.19619700740424229
2016-12-22,0.9118388729868584
2016-12-23,0.11194417871812934
2016-12-27,0.2536108326623616
2016-12-28,0.6325356832239187
2016-12-29,0.10211157764747514
2016-12-30,0.7133390123734288
2017-01-03,0.5551251065433085
2017-01-04,0.6493238947753636
2017-01-05,0.6447201650113392
2017-01-06,0.08716564777550462
2017-01-09,0.9297278570571664
2017-01-10,0.9964090110702993
2017-01-11,0.5879973733711105
2017-01-12,0.8101812255177935
2017-01-13,0.9644315857568794
2017-01-17,0.7663195543124685
2017-01-18,0.9484994570783719
2017-01-19,0.8983880576167242
2017-01-20,0.7630623519292687
2017-01-23,0.8276241448382344
2017-01-24,0.8302571809054617
2017-01-25,0.493476858640716
2017-01-26,0.9596225528238629
2017-01-27,0.5261955489442044
2017-01-30,0.6893972507250549
2017-01-31,0.5599333912272418
2017-02-01,0.4352105875396084
2017-02-02,0.23995441515540505
2017-02-03,0.4587933305351485
2017-02-06,0.9201359541124292
2017-02-07,0.12059903948101991
2017-02-08,0.5493621852263613
2017-02-09,0.9183447000312359
2017-02-10,0.8688230412372066
2017-02-13,0.6041537192174833
2017-02-14,0.5818073385676839
2017-02-15,0.5912311428685055
2017-02-16,0.028189540384479628
2017-02-17,0.09284488227960974
2017-02-21,0.2822801109013622
2017-02-22,0.4570265605458068
2017-02-23,0.8878672010532447
2017-02-24,0.36064029780801354
2017-02-27,0.10197703074657616
2017-02-28,0.7912006462948457
2017-03-01,0.6716887294243262
2017-03-02,0.5257596996423652
2017-03-03,0.29431458094943685
2017-03-06,0.14099740863671817
2017-03-07,0.40117244752134684
2017-03-08,0.7047499557409279
2017-03-09,0.9892530597853043
2017-03-10,0.9375472027002839
2017-03-13,0.463939502574261
2017-03-14,0.39847924677139446
2017-03-15,0.5992669934772789
2017-03-16,0.4736274546557342
2017-03-17,0.6743974840630422
2017-03-20,0.9449519917317566
2017-03-21,0.3281394060276288
2017-03-22,0.4988016504397059
2017-03-23,0.5100847584707705
2017-03-24,0.40047230094368114
2017-03-27,0.8527059565303055
2017-03-28,0.7144448173939358
2017-03-29,0.3430743731728344
2017-03-30,0.31166845803035115
2017-03-31,0.8488733908775294
2017-04-03,0.26550021654015166
2017-04-04,0.6619244638134659
2017-04-05,0.6055550169801592
2017-04-06,0.606582506122322
2017-04-07,0.8879112431170761
2017-04-10,0.2285374317939114
2017-04-11,0.08685546552463452
2017-04-12,0.3977370462268659
2017-04-13,0.06963235608693052
2017-04-17,0.7616647160590986
2017-04-18,0.622858104236171
2017-04-19,0.9119890680674371
2017-04-20,0.7195209682661254
2017-04-21,0.4148542477733653
2017-04-24,0.6143057347812354
2017-04-25,0.4995561898303231
2017-04-26,0.5230004805362206
2017-04-27,0.5108933789259114
2017-04-28,0.41947453789574274
2017-05-01,0.9138167853611524
2017-05-02,0.2525811276212956
2017-05-03,0.8543343516087425
2017-05-04,0.324018955511325
2017-05-05,0.43232665915634005
2017-05-08,0.6877984044635633
2017-05-09,0.6369003524653994
2017-05-10,0.9885786416791442
2017-05-11,0.1479625496206194
2017-05-12,0.5552116002613614
2017-05-15,0.14576796137565218
2017-05-16,0.8353223382620587
2017-05-17,0.7669695929356416
2017-05-18,0.6355072913843878
2017-05-19,0.327376842441812
2017-05-22,0.6366239040942184
2017-05-23,0.8209204830168538
2017-05-24,0.4621650183411191
2017-05-25,0.7875159867192763
2017-05-26,0.9513250738638115
2017-05-30,0.3092249806474605
2017-05-31,0.8907234132308038
2017-06-01,0.25761268783311697
2017-06-02,0.6272220227301718
2017-06-05,0.5180634073784582
2017-06-06,0.6400753663340727
2017-06-07,0.663074699193078
2017-06-08,0.04204976096210944
2017-06-09,0.792838842626917
2017-06-12,0.39094236394206106
2017-06-13,0.6227564994457365
2017-06-14,0.433304163055817
2017-06-15,0.8068306370814305
2017-06-16,0.42323739735911026
2017-06-19,0.7782453995040837
2017-06-20,0.12593052171724084
2017-06-21,0.6240354141420358
2017-06-22,0.005270553280732226
2017-06-23,0.6710696024366566
2017-06-26,0.5055969398930427
2017-06-27,0.12345019009360869
2017-06-28,0.7400105943852017
2017-06-29,0.18222277776991236
2017-06-30,0.36205902054229355
2017-07-03,0.8207582496395059
2017-07-05,0.34045867625926807
2017-07-06,0.9937190089932186
2017-07-07,0.11658679259500815
2017-07-10,0.5854136900102981
2017-07-11,0.886448094888581
2017-07-12,0.09044812927827839
2017-07-13,0.9992235529211819
2017-07-14,0.07743838596194674
2017-07-17,0.9698179145550161
2017-07-18,0.8226109642517611
2017-07-19,0.2819466398247965
2017-07-20,0.4809720069334139
2017-07-21,0.8329886756287356
2017-07-24,0.9075330212477257
2017-07-25,0.7363679712340054
2017-07-26,0.8536132153560857
2017-07-27,0.47856235923880464
2017-07-28,0.04595423954260036
2017-07-31,0.3692967707466408
2017-08-01,0.9295356675372793
2017-08-02,0.05580886035615851
2017-08-03,0.9630778009957207
2017-08-04,0.6954571515840704
2017-08-07,0.9915218423908976
2017-08-08,0.16508376917537093
2017-08-09,0.12277908462077958
2017-08-10,0.4453343038790879
2017-08-11,0.3910673966866388
2017-08-14,0.23606532147872228
2017-08-15,0.23456199833804403
2017-08-16,0.09634141670738017
2017-08-17,0.43178714008327346
2017-08-18,0.2402627558121665
2017-08-21,0.4886787597331652
2017-08-22,0.5832472768469396
2017-08-23,0.9234795539166888
2017-08-24,0.1930333286610344
2017-08-25,0.019442148994377573
2017-08-28,0.6920381569837427
2017-08-29,0.05756774661983688
2017-08-30,0.6959537455697457
2017-08-31,0.5674734271561865
2017-09-01,0.9741953742924522
2017-09-05,0.9827181354408664
2017-09-06,0.04394624814599213
2017-09-07,0.6720725853934829
2017-09-08,0.25500678014641254
2017-09-11,0.4319851619800563
2017-09-12,0.5271733462322171
2017-09-13,0.6202534140395823
2017-09-14,0.7709676553632966
2017-09-15,0.7687135111656047
2017-09-18,0.16001255345483212
2017-09-19,0.41325700295715495
2017-09-20,0.4864133900149673
2017-09-21,0.16134578240349462
2017-09-22,0.0756201038693497
2017-09-25,0.4515729372521803
2017-09-26,0.7573204571102988
2017-09-27,0.7672439870267724
2017-09-28,0.5042052290457897
2017-09-29,0.9886260681293854
2017-10-02,0.9510997623529717
2017-10-03,0.6040046734450005
2017-10-04,0.7419005891896961
2017-10-05,0.9281398083513146
2017-10-06,0.34459918001318335
2017-10-09,0.7680145961221186
2017-10-10,0.5506359348894906
2017-10-11,0.9357441673835105
2017-10-12,0.6239242281886392
2017-10-13,0.07633559011447155
2017-10-16,0.28377658105379977
2017-10-17,0.6490306844237675
2017-10-18,0.8533501415117836
2017-10-19,0.38285017798421206
2017-10-20,0.47998376294427236
2017-10-23,0.8061807217899486
2017-10-24,0.21416116776014527
2017-10-25,0.7123573621130747
2017-10-26,0.47999622037814815
2017-10-27,0.40587322716692
2017-10-30,0.2647859611073514
2017-10-31,0.8220509433257994
2017-11-01,0.15428272835255463
2017-11-02,0.678364167662361
2017-11-03,0.7707049223266939
2017-11-06,0.8715162580356174
2017-11-07,0.6929493087965134
2017-11-08,0.297211437390725
2017-11-09,0.8563542793092994
2017-11-10,0.21757520260759866
2017-11-13,0.518830383723427
2017-11-14,0.8998821740869077
2017-11-15,0.5934181104853572
2017-11-16,0.9290287354161533
2017-11-17,0.8226304456497244
2017-11-20,0.8485699467049772
2017-11-21,0.7559884421035921
2017-11-22,0.7209088704065968
2017-11-24,0.9136376194891389
2017-11-27,0.2355390447279797
2017-11-28,0.7817980490820242
2017-11-29,0.03186243296975222
2017-11-30,0.03191186507570998
2017-12-01,0.4346444442740883
2017-12-04,0.5274470139361718
2017-12-05,0.7828629225774854
2017-12-06,0.32796355921418163
2017-12-07,0.9337962915590936
2017-12-08,0.02306176821844408
2017-12-11,0.5076920133106009
2017-12-12,0.9802441762812807
2017-12-13,0.3344617680659705
2017-12-14,0.32515308617337424
2017-12-15,0.7622627104865548
2017-12-18,0.2841047046602888
2017-12-19,0.1525965005080645
2017-12-20,0.01169342375349347
2017-12-21,0.2502775766997096
2017-12-22,0.039091813755026905
2017-12-26,0.2559290409039098
2017-12-27,0.11959303559943557
2017-12-28,0.36556587362499326
2017-12-29,0.5897801976235523
2018-01-02,0.2940395021860389
2018-01-03,0.5929141951245305
2018-01-04,0.3088702494959529
2018-01-05,0.9399800005717448
2018-01-08,0.7189449122101185
2018-01-09,0.3520412157441889
2018-01-10,0.7917717905183116
2018-01-11,0.8314756688437277
2018-01-12,0.46660460447893215
2018-01-16,0.07614115506479846
2018-01-17,0.8591754557162034
2018-01-18,0.3622108306602828
2018-01-19,0.7562476396811517
2018-01-22,0.48035478035672285
2018-01-23,0.8463070668474867
2018-01-24,0.5078728431662043
2018-01-25,0.10567830747100193
2018-01-26,0.18687406188560174
2018-01-29,0.6267947968147457
2018-01-30,0.20415087919695252
2018-01-31,0.6226995702732908
2018-02-01,0.4448485454711628
2018-02-02,0.7552042527161605
2018-02-05,0.9023605694656263
2018-02-06,0.958855062721384
2018-02-07,0.10414695231198856
2018-02-08,0.7880387190248735
2018-02-09,0.5239832983670891
2018-02-12,0.4982912287495511
2018-02-13,0.2116126578533657
2018-02-14,0.9384283069290669
2018-02-15,0.7731233552552592
2018-02-16,0.04664172090492902
2018-02-20,0.749597871626396
2018-02-21,0.99419188951908
2018-02-22,0.6800219331413373
2018-02-23,0.8036135058249707
2018-02-26,0.4817700422758068
2018-02-27,0.8368425997522132
2018-02-28,0.5084880916425929
2018-03-01,0.3856783634521913
2018-03-02,0.8982743742244927
2018-03-05,0.033726445949585404
2018-03-06,0.7029904589197356
2018-03-07,0.09768049895422393
2018-03-08,0.1429326372827766
2018-03-09,0.9730982209829503
2018-03-12,0.3695762170394876
2018-03-13,0.8250941063926654
2018-03-14,0.04610707260988234
2018-03-15,0.04315236273730183
2018-03-16,0.6841926049450388
2018-03-19,0.41225176464292757
2018-03-20,0.10997904876924369
2018-03-21,0.3206351558242395
2018-03-22,0.5457943382406967
2018-03-23,0.0331893897991381
2018-03-26,0.5128122361195131
2018-03-27,0.6384205118084805
2018-03-28,0.3010485600624794
2018-03-29,0.17045500871861707
2018-04-02,0.41038920860749006
2018-04-03,0.2032895098517289
2018-04-04,0.3710163240162966
2018-04-05,0.7896120055430271
2018-04-06,0.033719939614408556
2018-04-09,0.2701849082499682
2018-04-10,0.1974666891550365
2018-04-11,0.5188996742024647
2018-04-12,0.5165457296230682
2018-04-13,0.5610149702017043
2018-04-16,0.575480930942931
2018-04-17,0.9155564623612551
2018-04-18,0.27126126502623404
2018-04-19,0.3525046504723146
2018-04-20,0.1899051826755499
2018-04-23,0.0023164722586839215
2018-04-24,0.23545467920118812
2018-04-25,0.6490860514016962
2018-04-26,0.6987573585656746
2018-04-27,0.2971750179120004
2018-04-30,0.45557630559079354
2018-05-01,0.5006859046611597
2018-05-02,0.6962634695456388
2018-05-03,0.11857090495702971
2018-05-04,0.8383383523290834
2018-05-07,0.04141567635425436
2018-05-08,0.8973941453582321
2018-05-09,0.770684951941991
2018-05-10,0.8940212779340159
2018-05-11,0.06502292615118099
2018-05-14,0.691266485733298
2018-05-15,0.802558073480945
2018-05-16,0.8725160335111389
2018-05-17,0.11248360065938046
2018-05-18,0.6326425498001125
2018-05-21,0.16766215361523873
2018-05-22,0.2269024730943383
2018-05-23,0.31495847889942097
2018-05-24,0.8435527336520153
2018-05-25,0.8224671916063944
2018-05-29,0.6720821345375975
2018-05-30,0.7712134962523792
2018-05-31,0.49666201254030706
2018-06-01,0.7664759496925149
2018-06-04,0.5830275229588019
2018-06-05,0.3303739051852359
2018-06-06,0.29955259859450123
2018-06-07,0.28134588498540536
2018-06-08,0.7581133425258089
2018-06-11,0.8253017429727314
2018-06-12,0.5704745483820586
2018-06-13,0.18633128409914856
2018-06-14,0.023185190506929576
2018-06-15,0.47113878784861585
2018-06-18,0.7351254413973055
2018-06-19,0.12615442139435007
2018-06-20,0.665650200234786
2018-06-21,0.14909982217516793
2018-06-22,0.9574226187967265
2018-06-25,0.42513410367056415
2018-06-26,0.3595603193383884
2018-06-27,0.8783079970978624
2018-06-28,0.30631003120259903
2018-06-29,0.04921165201048261
2018-07-02,0.11965675003142251
2018-07-03,0.8944059641824417
2018-07-05,0.2523685995685965
2018-07-06,0.5311666683999903
2018-07-09,0.5416229096724422
2018-07-10,0.3174688218041213
2018-07-11,0.23335118041359426
2018-07-12,0.4200770813487723
2018-07-13,0.9357426767130043
2018-07-16,0.9503758992403565
2018-07-17,0.9469857632219073
2018-07-18,0.42843962334085295
2018-07-19,0.21920640218153808
2018-07-20,0.44950485207795066
2018-07-23,0.7371960744327174
2018-07-24,0.8065570716616685
2018-07-25,0.7746563196407847
2018-07-26,0.9392618620955142
2018-07-27,0.030694372639492373
2018-07-30,0.7190052590966369
2018-07-31,0.1537908753600581
2018-08-01,0.3527473594308832
2018-08-02,0.4651191624553441
2018-08-03,0.4504233021362424
2018-08-06,0.43878580086424
2018-08-07,0.3876817539872869
2018-08-08,0.6368857870522164
2018-08-09,0.3217696248726286
2018-08-10,0.15853345710462463
2018-08-13,0.8641270079068285
2018-08-14,0.0366671677446202
2018-08-15,0.04486628491350486
2018-08-16,0.03068267391274515
2018-08-17,0.5791676801610898
2018-08-20,0.24369624320641248
2018-08-21,0.6609448047300346
2018-08-22,0.9311970012067372
2018-08-23,0.6186038446838323
2018-08-24,0.030458097127410655
2018-08-27,0.29228196180368293
2018-08-28,0.7239158835219067
2018-08-29,0.792493870690974
2018-08-30,0.04285169228548125
2018-08-31,0.42271905315256253
2018-09-04,0.96341200849776
2018-09-05,0.7425115148203755
2018-09-06,0.20082830727352663
2018-09-07,0.6041158835846479
2018-09-10,0.16026062206184433
2018-09-11,0.139923785701623
2018-09-12,0.8464774619494126
2018-09-13,0.462755565457322
2018-09-14,0.5965201375434871
2018-09-17,0.608447281129215
2018-09-18,0.8254488005636382
2018-09-19,0.19419120135139734
2018-09-20,0.6950005071441895
2018-09-21,0.2777562323450653
2018-09-24,0.33298160674425836
2018-09-25,0.3184133156883092
2018-09-26,0.9890585455871669
2018-09-27,0.3359205655554255
2018-09-28,0.37254806484040914
2018-10-01,0.3329409749168071
2018-10-02,0.2537685797352598
2018-10-03,0.07917725691463451
2018-10-04,0.015198331865642123
2018-10-05,0.7291737869804082
2018-10-08,0.3923598221932483
2018-10-09,0.3611720565403692
2018-10-10,0.6893782149427472
2018-10-11,0.12198785010356239
2018-10-12,0.5895001437267315
2018-10-15,0.5368685532906323
2018-10-16,0.26705237914191715
2018-10-17,0.35000557467614
2018-10-18,0.7717774585969289
2018-10-19,0.668124391009793
2018-10-22,0.7608244349692735
2018-10-23,0.4659992525964768
2018-10-24,0.45550431977493266
2018-10-25,0.4729165885376785
2018-10-26,0.9622438234114051
2018-10-29,0.13129435753668062
2018-10-30,0.5185122267812854
2018-10-31,0.6946010070743026
2018-11-01,0.5171328377243946
2018-11-02,0.6196077736140169
2018-11-05,0.15662565733487466
2018-11-06,0.8782830205429548
2018-11-07,0.91217445767471
2018-11-08,0.021131279141537895
2018-11-09,0.8099100757382883
2018-11-12,0.6561877426204227
2018-11-13,0.32470151500782807
2018-11-14,0.9262710433207951
2018-11-15,0.5279889296964625
2018-11-16,0.6779206037292164
2018-11-19,0.8211634311503369
2018-11-20,0.5031824640583062
2018-11-21,0.41760125861295616
2018-11-23,0.45466771697961317
2018-11-26,0.9340913763973896
2018-11-27,0.3353367895727253
2018-11-28,0.4750438433324088
2018-11-29,0.7666348876607899
2018-11-30,0.6937939736565439
2018-12-03,0.34738280222106477
2018-12-04,0.7878033227988536
2018-12-06,0.7466985116177226
2018-12-07,0.1943917362007782
2018-12-10,0.4064419143319594
2018-12-11,0.3576906279133326
2018-12-12,0.4121467880746369
2018-12-13,0.9471570979611271
2018-12-14,0.9288696835440814
2018-12-17,0.02282080578643031
2018-12-18,0.7875306195094007
2018-12-19,0.5374024085130509
2018-12-20,0.38999426928410463
2018-12-21,0.3925071261534505
2018-12-24,0.11391408044414231
2018-12-26,0.21494741525094152
2018-12-27,0.9935152763766588
2018-12-28,0.8499139536623695
2018-12-31,0.044936752431237625
2019-01-02,0.2923545159694294
2019-01-03,0.1447269936960659
2019-01-04,0.6087924046702761
2019-01-07,0.22514279833302087
2019-01-08,0.4129487448424938
2019-01-09,0.074226219847918
2019-01-10,0.4486842245505571
2019-01-11,0.6363364056524218
2019-01-14,0.947611021741042
2019-01-15,0.6377940916919208
2019-01-16,0.0879187698518491
2019-01-17,0.04665906042758827
2019-01-18,0.4750156047259364
2019-01-22,0.9433366175973238
2019-01-23,0.1336321702998321
2019-01-24,0.4114106700094393
2019-01-25,0.19443741283676752
2019-01-28,0.9812583417069759
2019-01-29,0.29033572444556865
2019-01-30,0.7287367556894155
2019-01-31,0.3327389101415742
2019-02-01,0.055458440819615484
2019-02-04,0.30959489689385566
2019-02-05,0.39251637328897415
2019-02-06,0.34146145868117916
2019-02-07,0.14714263145459394
2019-02-08,0.6920994357555925
2019-02-11,0.42209050178320306
2019-02-12,0.7071496353164131
2019-02-13,0.9607284241577942
2019-02-14,0.9813136161477813
2019-02-15,0.913511504936653
2019-02-19,0.4461283546172229
2019-02-20,0.3959996186443846
2019-02-21,0.6509233178256026
2019-02-22,0.5750637356647351
2019-02-25,0.6793472224008146
2019-02-26,0.8586684483576931
2019-02-27,0.5946381419215845
2019-02-28,0.6269452146789397
2019-03-01,0.405649588655395
2019-03-04,0.08511164781642433
2019-03-05,0.29176670083559697
2019-03-06,0.9995430793031032
2019-03-07,0.93903694809524
2019-03-08,0.19798930356871802
2019-03-11,0.8061691957505759
2019-03-12,0.23495245603117965
2019-03-13,0.8867339001139287
2019-03-14,0.3186037676594602
2019-03-15,0.09604122612465071
2019-03-18,0.9959180045414134
2019-03-19,0.026926767381613148
2019-03-20,0.4350362956236338
2019-03-21,0.2833192928595981
2019-03-22,0.6416042963935397
2019-03-25,0.39768255744974057
2019-03-26,0.024240734061746982
2019-03-27,0.6644868973506123
2019-03-28,0.22625325716073663
2019-03-29,0.6969154396847622
2019-04-01,0.7617425718630212
2019-04-02,0.31889686060498335
2019-04-03,0.18063371836116648
2019-04-04,0.24658251808906206
2019-04-05,0.15268445683641063
2019-04-08,0.515824614246919
2019-04-09,0.06753726467734
2019-04-10,0.022624388019698682
2019-04-11,0.6892714669629252
2019-04-12,0.9208412798904103
2019-04-15,0.02290320180405625
2019-04-16,0.5772086701837069
2019-04-17,0.15889638102749926
2019-04-18,0.40121713054081043
2019-04-22,0.2944698716678906
2019-04-23,0.8015452733061812
2019-04-24,0.14068038122064996
2019-04-25,0.3603722807530042
2019-04-26,0.6975389084000482
2019-04-29,0.6782268483489698
2019-04-30,0.08567567581048618
2019-05-01,0.7171222122551156
2019-05-02,0.4974072370904088
2019-05-03,0.39979072535360183
2019-05-06,0.8619769802220293
2019-05-07,0.26617050174838686
2019-05-08,0.45344755138050286
2019-05-09,0.26597739178325763
2019-05-10,0.2801330846007931
2019-05-13,0.8956475780034968
2019-05-14,0.6141033378544196
2019-05-15,0.05967454237197711
2019-05-16,0.768749927619606
2019-05-17,0.11137627839570874
2019-05-20,0.15324472751216756
2019-05-21,0.05949921960716953
2019-05-22,0.7000271254297767
2019-05-23,0.38492989566023195
2019-05-24,0.31541486276178865
2019-05-28,0.9963371830416589
2019-05-29,0.1280793769999059
2019-05-30,0.4619010371530071
2019-05-31,0.0286092251838872
2019-06-03,0.44769112632131214
2019-06-04,0.9433572030100545
2019-06-05,0.9384615376032737
2019-06-06,0.28673449346803404
2019-06-07,0.8715975045739951
2019-06-10,0.8384662177829638
2019-06-11,0.03965221498344951
2019-06-12,0.7247737994525226
2019-06-13,0.2682592664679757
2019-06-14,0.438927424551835
2019-06-17,0.47502920946579985
2019-06-18,0.9519723713990282
2019-06-19,0.43004883938383376
2019-06-20,0.13727081447628842
2019-06-21,0.9469303347965088
2019-06-24,0.38078171249430537
2019-06-25,0.7011019402843127
2019-06-26,0.8032341089666357
2019-06-27,0.7578673544699772
2019-06-28,0.24689622893942698
2019-07-01,0.1610142508954201
2019-07-02,0.054473012672183074
2019-07-03,0.14020414083489774
2019-07-05,0.945340263078649
2019-07-08,0.5043490664827045
2019-07-09,0.4332209222348774
2019-07-10,0.7342080350108586
2019-07-11,0.9679720050422295
2019-07-12,0.42729175437312417
2019-07-15,0.1979983204275254
2019-07-16,0.738102758873266
2019-07-17,0.5198054606725767
2019-07-18,0.13762284406272818
2019-07-19,0.8156556016167673
2019-07-22,0.98339456180852
2019-07-23,0.15648725001802333
2019-07-24,0.8568188096463886
2019-07-25,0.14930018698736214
2019-07-26,0.2405809822362731
2019-07-29,0.14645046725164002
2019-07-30,0.5897694265396026
2019-07-31,0.3500471804999029
2019-08-01,0.014168673673170873
2019-08-02,0.7418243668755695
2019-08-05,0.7562145814475129
2019-08-06,0.218600119374445
2019-08-07,0.5948673409288079
2019-08-08,0.9620326017381869
2019-08-09,0.9069267163871382
2019-08-12,0.7505983012852981
2019-08-13,0.7911880364388116
2019-08-14,0.9783659052556772
2019-08-15,0.18770258830407582
2019-08-16,0.8371200473309154
2019-08-19,0.4762587877757195
2019-08-20,0.2513751279955142
2019-08-21,0.8314906659621645
2019-08-22,0.17382559566555122
2019-08-23,0.06633568255742794
2019-08-26,0.6331214872346248
2019-08-27,0.08448841004370766
2019-08-28,0.18638187096685654
2019-08-29,0.9504506348535752
2019-08-30,0.9747495838740272
2019-09-03,0.15539433085052867
2019-09-04,0.06227584914577289
2019-09-05,0.6023348791317573
2019-09-06,0.3455750257824427
2019-09-09,0.08392519664638043
2019-09-10,0.08495838966973357
2019-09-11,0.1280438945518182
2019-09-12,0.8529034600710683
2019-09-13,0.5903581522382305
2019-09-16,0.6830360738290113
2019-09-17,0.6720428662531479
2019-09-18,0.8181585768100621
2019-09-19,0.49070406909999664
2019-09-20,0.2787746199481169
2019-09-23,0.909665677167549
2019-09-24,0.7272254989515567
2019-09-25,0.9474459642284541
2019-09-26,0.05869953965328223
2019-09-27,0.5184929319644985
2019-09-30,0.8148285270451283
2019-10-01,0.584470612316976
2019-10-02,0.9822598018304451
2019-10-03,0.5530343408894984
2019-10-04,0.014037783202034304
2019-10-07,0.8398800608804663
2019-10-08,0.1490063211216387
2019-10-09,0.3071228717087109
2019-10-10,0.2765359364810388
2019-10-11,0.14021306057933813
2019-10-14,0.5976418406397724
2019-10-15,0.5964818500880781
2019-10-16,0.13031313242955578
2019-10-17,0.841575181205233
2019-10-18,0.035913304337625296
2019-10-21,0.4815318837243976
2019-10-22,0.6798034575614924
2019-10-23,0.03973032409530097
2019-10-24,0.06361888389393333
2019-10-25,0.22916657436499022
2019-10-28,0.5604227460359723
2019-10-29,0.9975180824992618
2019-10-30,0.5841369085913313
2019-10-31,0.5871256499424894
2019-11-01,0.5941897149112139
2019-11-04,0.05461545348592767
2019-11-05,0.10484685845486175
2019-11-06,0.3200855395510349
2019-11-07,0.01570383877529713
2019-11-08,0.7311978082675881
2019-11-11,0.758472891171402
2019-11-12,0.10690076848801011
2019-11-13,0.3638084476606438
2019-11-14,0.7058137363551442
2019-11-15,0.49690037972578827
2019-11-18,0.17542949070862757
2019-11-19,0.6912491852981473
2019-11-20,0.0236179732620464
2019-11-21,0.652176254057671
2019-11-22,0.8741894931379081
2019-11-25,0.5921350972943747
2019-11-26,0.40625422872270656
2019-11-27,0.1285789947399395
2019-11-29,0.7068370950442086
2019-12-02,0.6574260125958303
2019-12-03,0.06889010369119097
2019-12-04,0.5797823564237771
2019-12-05,0.6068303258538623
2019-12-06,0.2789512888237434
2019-12-09,0.8994968800742036
2019-12-10,0.5616577363418382
2019-12-11,0.8283203159561319
2019-12-12,0.47112769760653905
2019-12-13,0.6599710327951674
2019-12-16,0.9209746086479886
2019-12-17,0.5497293137409217
2019-12-18,0.15185455514182034
2019-12-19,0.666644363194212
2019-12-20,0.7850560412973592
2019-12-23,0.6325793711958563
2019-12-24,0.06641607923448367
2019-12-26,0.7441618559641093
2019-12-27,0.20701589827490385
2019-12-30,0.3663722645185842
2019-12-31,0.20827570553366326
2020-01-02,0.6889834806185303
2020-01-03,0.6071384286341988
2020-01-06,0.7021285659226938
2020-01-07,0.7518459327011019
2020-01-08,0.5893008133602827
2020-01-09,0.39668731357135134
2020-01-10,0.7314963326086955
2020-01-13,0.9520603288600265
2020-01-14,0.049978823498998626
2020-01-15,0.5406471328774535
2020-01-16,0.40887884723799695
2020-01-17,0.5660272066852614
2020-01-21,0.24147225036695164
2020-01-22,0.6275328406508373
2020-01-23,0.13772749384393979
2020-01-24,0.0028134310543647123
2020-01-27,0.14784151393213818
2020-01-28,0.11495155769761922
2020-01-29,0.16534353914591204
2020-01-30,0.9603928553027263
2020-01-31,0.08462480906090009
2020-02-03,0.5235412197868015
2020-02-04,0.38382651621932784
2020-02-05,0.19817241138867292
2020-02-06,0.10634040301581904
2020-02-07,0.051537933145397896
2020-02-10,0.8667799929973615
2020-02-11,0.13910328710552444
2020-02-12,0.3005033155877821
2020-02-13,0.5129551715580656
2020-02-14,0.6457809807514905
2020-02-18,0.42240787265398316
2020-02-19,0.26296872529233517
2020-02-20,0.24958794439363097
2020-02-21,0.7131636602679029
2020-02-24,0.1593731249516055
2020-02-25,0.017753954821697948
2020-02-26,0.7001643247913577
2020-02-27,0.4312290539810849
2020-02-28,0.25140522406201504
2020-03-02,0.10915339102550947
2020-03-03,0.6481530828937938
2020-03-04,0.3063912326424115
2020-03-05,0.5255462571600266
2020-03-06,0.7512303345210132
2020-03-09,0.9076273468514393
2020-03-10,0.4216190379571281
2020-03-11,0.9707923999686595
2020-03-12,0.809017584852258
2020-03-13,0.6318470120431678
2020-03-16,0.7126230259322025
2020-03-17,0.45073043521014966
2020-03-18,0.543953247810169
2020-03-19,0.5678140323675039
2020-03-20,0.2712675650609704
2020-03-23,0.3817915312036151
2020-03-24,0.40563475235966595
2020-03-25,0.4503889339609599
2020-03-26,0.3021856738372418
2020-03-27,0.2505933953287848
2020-03-30,0.4326146426965124
2020-03-31,0.1791566294413116
2020-04-01,0.27128652720437385
2020-04-02,0.33678850194703414
2020-04-03,0.6176073528238476
2020-04-06,0.7914524940936496
2020-04-07,0.2231011336301103
2020-04-08,0.7044960207452692
2020-04-09,0.8881099049245367
2020-04-13,0.4317881024725154
2020-04-14,0.19989537765462373
2020-04-15,0.9328028526631295
2020-04-16,0.6215838059798374
2020-04-17,0.09358014539932868
2020-04-20,0.5009830634755092
2020-04-21,0.43799641854907545
2020-04-22,0.30911762069074744
2020-04-23,0.387554052239673
2020-04-24,0.6212875385666397
2020-04-27,0.6417782200800921
2020-04-28,0.12092804096615395
2020-04-29,0.7285223458781481
2020-04-30,0.8599268801210836
2020-05-01,0.7274438180905193
2020-05-04,0.42279237922388324
2020-05-05,0.020458156538527672
2020-05-06,0.6270265395026011
2020-05-07,0.13184943937520932
2020-05-08,0.5355187726723404
2020-05-11,0.3795509951233962
2020-05-12,0.8098945756232618
2020-05-13,0.025986597070342676
2020-05-14,0.7184677052041563
2020-05-15,0.012919431701741368
2020-05-18,0.3833488991407562
2020-05-19,0.786467235041998
2020-05-20,0.6864554296368782
2020-05-21,0.5757854225730996
2020-05-22,0.45371338946163575
2020-05-26,0.833195269888157
2020-05-27,0.4402625124158286
2020-05-28,0.2052118130947369
2020-05-29,0.38683102985732776
2020-06-01,0.5887735528481418
2020-06-02,0.9251779178952018
2020-06-03,0.9106419847480322
2020-06-04,0.607380124757121
2020-06-05,0.003493956345454796
2020-06-08,0.9597608077749887
2020-06-09,0.505590422337112
2020-06-10,0.6755307664974735
2020-06-11,0.9923584837593342
2020-06-12,0.826579113201178
2020-06-15,0.23723756189255618
2020-06-16,0.4475834257318173
2020-06-17,0.5975234209253963
2020-06-18,0.7457709031709591
2020-06-19,0.5161429156087783
2020-06-22,0.848172289025317
2020-06-23,0.026805380764611364
2020-06-24,0.06957208768317724
2020-06-25,0.11901561122468873
2020-06-26,0.7582661737230231
2020-06-29,0.39162468511072746
2020-06-30,0.3380165421773098
2020-07-01,0.09427758897025529
2020-07-02,0.5452951536217053
2020-07-06,0.5586266673439269
2020-07-07,0.7050724789839592
2020-07-08,0.8196477037238782
2020-07-09,0.08159545978150529
2020-07-10,0.62619897103595
2020-07-13,0.29633137299072465
2020-07-14,0.22014555210938624
2020-07-15,0.3235847903401965
2020-07-16,0.07802206944678569
2020-07-17,0.45417597448403146
2020-07-20,0.9789376490771573
2020-07-21,0.17281200514284434
2020-07-22,0.8193234879570146
2020-07-23,0.4066381169989227
2020-07-24,0.27605707178829686
2020-07-27,0.5789406483735965
2020-07-28,0.865235169881941
2020-07-29,0.9727520322332315
2020-07-30,0.009409107871457212
2020-07-31,0.9206745708456424
2020-08-03,0.6696147170229225
2020-08-04,0.01518782451796219
2020-08-05,0.6046109994514078
2020-08-06,0.9214187763014552
2020-08-07,0.34242743452058644
2020-08-10,0.4387076310636545
2020-08-11,0.6155583189204191
2020-08-12,0.9905482899322069
2020-08-13,0.9317060667833591
2020-08-14,0.9495660504765845
2020-08-17,0.8090831968838524
2020-08-18,0.6076616284787686
2020-08-19,0.15849947177451906
2020-08-20,0.16138159860660906
2020-08-21,0.734705862617658
2020-08-24,0.24825963596834943
2020-08-25,0.34658627331549263
2020-08-26,0.3715511315992478
2020-08-27,0.38269904278061706
2020-08-28,0.3824312881287275
2020-08-31,0.6266988818647005
2020-09-01,0.47056691978269394
2020-09-02,0.0767045357607199
2020-09-03,0.49248647191461725
2020-09-04,0.393360903080455
2020-09-08,0.25708604667203017
2020-09-09,0.27304169786322996
2020-09-10,0.20943347832280745
2020-09-11,0.16088536011201338
2020-09-14,0.40057843306603613
2020-09-15,0.9103469845322892
2020-09-16,0.26724417053804483
2020-09-17,0.6759265499688883
2020-09-18,0.9641540656653905
2020-09-21,0.7671142728291644
2020-09-22,0.7243222118276045
2020-09-23,0.18904878392216196
2020-09-24,0.23072058807494544
2020-09-25,0.38379309678457296
2020-09-28,0.630415841131431
2020-09-29,0.7970121793773312
2020-09-30,0.9866286890246506
2020-10-01,0.8378504081996442
2020-10-02,0.6567187781609115
2020-10-05,0.5652686546693177
2020-10-06,0.5204806403643703
2020-10-07,0.40405020867264574
2020-10-08,0.11498153798753763
2020-10-09,0.47894602629326277
2020-10-12,0.7516190382924948
2020-10-13,0.833181984184653
2020-10-14,0.25891425724961015
2020-10-15,0.37015389884206784
2020-10-16,0.9694396532100424
2020-10-19,0.15950623201598746
2020-10-20,0.7468007577884442
2020-10-21,0.1098566670217207
2020-10-22,0.15104203071074873
2020-10-23,0.9616783078106329
2020-10-26,0.5897196089742563
2020-10-27,0.9432572612116791
2020-10-28,0.7105164499183495
2020-10-29,0.15602025541687958
2020-10-30,0.9212554057154174
2020-11-02,0.42062749014872314
2020-11-03,0.2805397842371643
2020-11-04,0.7140099595270214
2020-11-05,0.7488224895157816
2020-11-06,0.10997390784554528
2020-11-09,0.24640871422281396
2020-11-10,0.4151220870656289
2020-11-11,0.6346366387680042
2020-11-12,0.8624631792046918
2020-11-13,0.26439302395907216
2020-11-16,0.6462302911466331
2020-11-17,0.6640598514244367
2020-11-18,0.743421735341288
2020-11-19,0.691363599187322
2020-11-20,0.5876917368296318
2020-11-23,0.15161988515013702
2020-11-24,0.9589866969969932
2020-11-25,0.8778481356990617
2020-11-27,0.7128107779033602
2020-11-30,0.5291417583451692
2020-12-01,0.7763486761857757
2020-12-02,0.5002701758772592
2020-12-03,0.25283632758214636
2020-12-04,0.5006498514545006
2020-12-07,0.07874614976071692
2020-12-08,0.6495190091299158
2020-12-09,0.17761801072190853
2020-12-10,0.2775928168257906
2020-12-11,0.25906134360066657
2020-12-14,0.5931323070670137
2020-12-15,0.5640431903261808
2020-12-16,0.23023286365563256
2020-12-17,0.000742216195339318
2020-12-18,0.5587318902588104
2020-12-21,0.9779111183254772
2020-12-22,0.909602659978065
2020-12-23,0.3784900317068971
2020-12-24,0.4660353033057425
2020-12-28,0.10932338943820596
2020-12-29,0.07219028588488985
2020-12-30,0.8168389532811189
2020-12-31,0.08836784419810328
2021-01-04,0.9420425976755671
2021-01-05,0.04732334728501508
2021-01-06,0.07444271769136468
2021-01-07,0.3459658941557836
2021-01-08,0.19932455297816876
2021-01-11,0.7134463597577636
2021-01-12,0.724494009602455
2021-01-13,0.6860531236684989
