ImageID,label
0,195
1,272
2,324
3,231
4,298
5,56
6,101
7,15
8,308
9,62
10,201
11,111
12,122
13,317
14,200
15,60
16,70
17,21
18,5
19,158
20,38
21,100
22,218
23,272
24,3
25,27
26,34
27,69
28,135
29,103
30,339
31,335
32,233
33,61
34,171
35,318
36,43
37,204
38,340
39,108
40,181
41,319
42,91
43,166
44,194
45,41
46,168
47,19
48,289
49,206
50,329
51,102
52,113
53,233
54,255
55,213
56,175
57,64
58,205
59,315
60,218
61,6
62,274
63,153
64,217
65,243
66,220
67,262
68,18
69,241
70,115
71,22
72,102
73,80
74,2
75,155
76,66
77,134
78,291
79,22
80,111
81,323
82,4
83,239
84,337
85,216
86,203
87,249
88,163
89,344
90,290
91,108
92,258
93,139
94,75
95,157
96,167
97,173
98,322
99,186
100,68
101,128
102,279
103,143
104,38
105,292
106,123
107,314
108,78
109,136
110,125
111,255
112,84
113,188
114,51
115,289
116,102
117,273
118,262
119,211
120,125
121,287
122,247
123,299
124,343
125,29
126,106
127,29
128,144
129,38
130,67
131,192
132,94
133,16
134,97
135,166
136,185
137,315
138,65
139,111
140,205
141,20
142,160
143,243
144,313
145,129
146,323
147,175
148,19
149,241
150,59
151,352
152,274
153,222
154,72
155,192
156,99
157,183
158,270
159,273
160,239
161,329
162,263
163,270
164,314
165,341
166,87
167,137
168,98
169,269
170,245
171,288
172,2
173,157
174,193
175,69
176,54
177,284
178,35
179,23
180,237
181,32
182,61
183,257
184,157
185,120
186,1
187,183
188,30
189,197
190,177
191,253
192,181
193,124
194,292
195,26
196,80
197,27
198,23
199,2
200,268
201,351
202,130
203,224
204,74
205,203
206,46
207,122
208,12
209,242
210,188
211,147
212,292
213,212
214,261
215,95
216,46
217,49
218,214
219,103
220,42
221,47
222,267
223,183
224,210
225,85
226,218
227,146
228,261
229,206
230,308
231,256
232,318
233,249
234,350
235,50
236,287
237,333
238,234
239,59
240,193
241,348
242,221
243,57
244,9
245,130
246,181
247,242
248,197
249,238
250,146
251,231
252,192
253,172
254,70
255,210
256,298
257,148
258,307
259,49
260,70
261,93
262,144
263,142
264,190
265,210
266,357
267,294
268,265
269,350
270,243
271,159
272,140
273,356
274,324
275,27
276,160
277,21
278,148
279,120
280,204
281,114
282,51
283,104
284,66
285,196
286,301
287,293
288,157
289,318
290,349
291,171
292,172
293,121
294,195
295,11
296,218
297,355
298,121
299,219
300,211
301,88
302,282
303,256
304,45
305,245
306,88
307,278
308,160
309,110
310,260
311,247
312,314
313,185
314,102
315,346
316,261
317,164
318,204
319,143
320,208
321,6
322,338
323,208
324,164
325,216
326,49
327,50
328,172
329,315
330,198
331,166
332,84
333,189
334,253
335,286
336,213
337,46
338,272
339,218
340,147
341,181
342,174
343,242
344,213
345,187
346,125
347,136
348,97
349,22
350,311
351,296
352,357
353,85
354,116
355,306
356,339
357,150
358,154
359,32
360,244
361,98
362,287
363,219
364,312
365,119
366,62
367,360
368,113
369,171
370,141
371,287
372,267
373,181
374,335
375,231
376,12
377,110
378,266
379,84
380,214
381,185
382,88
383,24
384,199
385,157
386,335
387,126
388,188
389,111
390,64
391,261
392,142
393,153
394,201
395,227
396,252
397,309
398,47
399,245
400,79
401,301
402,97
403,184
404,201
405,72
406,108
407,10
408,197
409,88
410,161
411,325
412,222
413,39
414,111
415,248
416,313
417,31
418,222
419,181
420,32
421,26
422,38
423,349
424,218
425,252
426,175
427,153
428,119
429,112
430,205
431,80
432,65
433,76
434,19
435,291
436,80
437,38
438,314
439,360
440,246
441,154
442,109
443,280
444,247
445,320
446,283
447,186
448,302
449,193
450,28
451,88
452,291
453,58
454,274
455,251
456,313
457,167
458,72
459,54
460,243
461,312
462,35
463,225
464,160
465,105
466,240
467,342
468,273
469,115
470,56
471,179
472,271
473,18
474,270
475,248
476,128
477,124
478,70
479,261
480,191
481,120
482,20
483,114
484,18
485,289
486,63
487,273
488,252
489,229
490,178
491,155
492,242
493,281
494,188
495,46
496,219
497,297
498,338
499,162
500,329
501,232
502,155
503,71
504,7
505,179
506,202
507,268
508,137
509,173
510,170
511,203
512,221
513,112
514,226
515,313
516,71
517,99
518,208
519,209
520,144
521,225
522,31
523,302
524,78
525,333
526,231
527,215
528,55
529,314
530,114
531,281
532,318
533,180
534,276
535,197
536,313
537,165
538,8
539,114
540,345
541,167
542,237
543,187
544,185
545,266
546,15
547,283
548,303
549,202
550,5
551,243
552,138
553,253
554,319
555,128
556,52
557,213
558,216
559,100
560,237
561,298
562,176
563,277
564,289
565,286
566,330
567,152
568,347
569,107
570,245
571,240
572,15
573,222
574,249
575,83
576,325
577,337
578,296
579,238
580,233
581,83
582,20
583,188
584,139
585,13
586,152
587,197
588,275
589,277
590,317
591,182
592,199
593,353
594,165
595,298
596,306
597,326
598,247
599,159
600,232
601,310
602,196
603,248
604,45
605,295
606,41
607,92
608,291
609,8
610,18
611,359
612,307
613,343
614,351
615,242
616,204
617,217
618,325
619,359
620,290
621,151
622,201
623,217
624,13
625,272
626,224
627,143
628,313
629,281
630,42
631,57
632,162
633,274
634,99
635,237
636,132
637,18
638,113
639,345
640,255
641,15
642,127
643,70
644,249
645,67
646,140
647,302
648,195
649,173
650,12
651,340
652,123
653,169
654,189
655,141
656,259
657,39
658,168
659,58
660,64
661,16
662,93
663,179
664,263
665,302
666,354
667,335
668,230
669,65
670,7
671,275
672,191
673,298
674,226
675,131
676,291
677,47
678,284
679,44
680,344
681,184
682,195
683,209
684,299
685,346
686,83
687,141
688,48
689,277
690,200
691,305
692,31
693,278
694,61
695,333
696,234
697,159
698,266
699,107
700,277
701,282
702,85
703,126
704,113
705,284
706,160
707,287
708,55
709,247
710,276
711,281
712,111
713,125
714,70
715,100
716,116
717,229
718,98
719,328
720,152
721,47
722,275
723,184
724,341
725,44
726,123
727,309
728,57
729,247
730,145
731,290
732,150
733,31
734,55
735,347
736,147
737,117
738,3
739,11
740,115
741,109
742,255
743,299
744,286
745,116
746,312
747,171
748,147
749,324
750,130
751,244
752,54
753,112
754,26
755,132
756,289
757,166
758,173
759,325
760,53
761,245
762,197
763,32
764,115
765,161
766,84
767,79
768,352
769,345
770,48
771,228
772,156
773,92
774,33
775,65
776,314
777,337
778,327
779,124
780,14
781,130
782,134
783,112
784,209
785,285
786,124
787,327
788,172
789,219
790,24
791,187
792,251
793,62
794,86
795,69
796,2
797,337
798,333
799,30
800,146
801,53
802,201
803,136
804,76
805,202
806,93
807,88
808,220
809,29
810,138
811,278
812,156
813,9
814,66
815,35
816,100
817,29
818,20
819,262
820,185
821,252
822,316
823,29
824,3
825,343
826,262
827,142
828,190
829,98
830,339
831,234
832,354
833,206
834,43
835,117
836,276
837,155
838,353
839,129
840,246
841,46
842,113
843,240
844,168
845,34
846,79
847,81
848,349
849,351
850,90
851,237
852,144
853,80
854,240
855,354
856,13
857,312
858,167
859,208
860,209
861,237
862,169
863,131
864,3
865,180
866,46
867,191
868,277
869,110
870,129
871,295
872,188
873,91
874,38
875,196
876,269
877,297
878,360
879,224
880,350
881,27
882,178
883,152
884,337
885,36
886,355
887,88
888,260
889,4
890,358
891,262
892,180
893,159
894,31
895,52
896,224
897,90
898,39
899,178
900,18
901,193
902,40
903,314
904,128
905,279
906,117
907,100
908,239
909,176
910,354
911,63
912,126
913,262
914,352
915,145
916,130
917,284
918,54
919,115
920,286
921,322
922,227
923,81
924,85
925,244
926,157
927,301
928,300
929,80
930,6
931,332
932,159
933,99
934,333
935,327
936,111
937,34
938,265
939,131
940,272
941,209
942,291
943,271
944,12
945,239
946,32
947,103
948,285
949,231
950,338
951,165
952,53
953,57
954,360
955,21
956,199
957,356
958,101
959,112
960,197
961,272
962,312
963,360
964,175
965,204
966,150
967,319
968,15
969,204
970,252
971,34
972,193
973,63
974,226
975,228
976,213
977,227
978,102
979,89
980,250
981,270
982,249
983,321
984,133
985,232
986,264
987,228
988,57
989,196
990,219
991,359
992,139
993,25
994,229
995,111
996,253
997,113
998,203
999,307
1000,63
1001,67
1002,317
1003,95
1004,99
1005,216
1006,169
1007,21
1008,91
1009,219
1010,49
1011,52
1012,14
1013,357
1014,31
1015,256
1016,205
1017,137
1018,181
1019,261
1020,285
1021,119
1022,220
1023,174
1024,135
1025,195
1026,236
1027,352
1028,1
1029,145
1030,81
1031,321
1032,192
1033,127
1034,127
1035,189
1036,166
1037,190
1038,140
1039,31
1040,107
1041,177
1042,235
1043,279
1044,187
1045,216
1046,253
1047,229
1048,132
1049,115
1050,216
1051,225
1052,119
1053,239
1054,60
1055,162
1056,150
1057,39
1058,260
1059,229
1060,160
1061,126
1062,274
1063,181
1064,169
1065,139
1066,73
1067,331
1068,272
1069,112
1070,141
1071,60
1072,278
1073,172
1074,160
1075,276
1076,142
1077,247
1078,173
1079,35
1080,297
1081,157
1082,62
1083,242
1084,196
1085,215
1086,72
1087,359
1088,15
1089,194
1090,86
1091,264
1092,173
1093,360
1094,114
1095,101
1096,205
1097,6
1098,304
1099,357
1100,238
1101,200
1102,55
1103,197
1104,70
1105,110
1106,15
1107,24
1108,258
1109,74
1110,6
1111,342
1112,7
1113,66
1114,297
1115,174
1116,67
1117,165
1118,303
1119,351
1120,273
1121,235
1122,319
1123,159
1124,126
1125,94
1126,306
1127,137
1128,13
1129,189
1130,61
1131,186
1132,163
1133,319
1134,250
1135,108
1136,351
1137,248
1138,351
1139,31
1140,156
1141,16
1142,103
1143,36
1144,334
1145,126
1146,157
1147,269
1148,259
1149,200
1150,289
1151,211
1152,358
1153,120
1154,241
1155,123
1156,76
1157,168
1158,188
1159,190
1160,359
1161,304
1162,238
1163,254
1164,316
1165,318
1166,221
1167,322
1168,96
1169,313
1170,289
1171,136
1172,20
1173,142
1174,5
1175,151
1176,100
1177,168
1178,244
1179,109
1180,55
1181,277
1182,300
1183,100
1184,271
1185,216
1186,198
1187,334
1188,94
1189,294
1190,101
1191,318
1192,21
1193,282
1194,145
1195,33
1196,66
1197,246
1198,311
1199,49
1200,323
1201,33
1202,100
1203,188
1204,256
1205,319
1206,298
1207,183
1208,83
1209,226
1210,204
1211,94
1212,274
1213,153
1214,142
1215,27
1216,113
1217,195
1218,102
1219,331
1220,255
1221,42
1222,154
1223,34
1224,213
1225,358
1226,164
1227,121
1228,197
1229,30
1230,138
1231,55
1232,11
1233,324
1234,164
1235,153
1236,188
1237,212
1238,76
1239,180
1240,230
1241,261
1242,171
1243,284
1244,286
1245,24
1246,353
1247,285
1248,68
1249,328
1250,156
1251,278
1252,127
1253,47
1254,7
1255,199
1256,11
1257,242
1258,38
1259,206
1260,44
1261,29
1262,151
1263,11
1264,230
1265,256
1266,284
1267,354
1268,131
1269,8
1270,49
1271,127
1272,99
1273,270
1274,55
1275,333
1276,310
1277,116
1278,255
1279,240
1280,66
1281,248
1282,220
1283,95
1284,70
1285,230
1286,228
1287,50
1288,78
1289,333
1290,338
1291,155
1292,13
1293,177
1294,17
1295,132
1296,38
1297,208
1298,279
1299,68
1300,207
1301,149
1302,166
1303,326
1304,7
1305,57
1306,354
1307,245
1308,131
1309,66
1310,143
1311,245
1312,307
1313,268
1314,2
1315,27
1316,168
1317,152
1318,336
1319,240
1320,184
1321,76
1322,153
1323,255
1324,308
1325,94
1326,334
1327,136
1328,163
1329,172
1330,112
1331,98
1332,49
1333,1
1334,298
1335,43
1336,11
1337,339
1338,229
1339,323
1340,185
1341,157
1342,127
1343,35
1344,308
1345,86
1346,10
1347,191
1348,122
1349,320
1350,267
1351,349
1352,201
1353,19
1354,12
1355,9
1356,342
1357,352
1358,253
1359,27
1360,92
1361,54
1362,255
1363,179
1364,216
1365,285
1366,165
1367,164
1368,160
1369,224
1370,354
1371,178
1372,162
1373,33
1374,223
1375,105
1376,199
1377,338
1378,71
1379,195
1380,125
1381,25
1382,71
1383,90
1384,276
1385,338
1386,112
1387,213
1388,183
1389,51
1390,5
1391,282
1392,72
1393,90
1394,50
1395,34
1396,35
1397,68
1398,89
1399,158
1400,87
1401,220
1402,47
1403,227
1404,257
1405,124
1406,304
1407,253
1408,264
1409,158
1410,281
1411,355
1412,255
1413,89
1414,151
1415,217
1416,272
1417,72
1418,327
1419,47
1420,230
1421,61
1422,164
1423,334
1424,310
1425,339
1426,119
1427,26
1428,133
1429,91
1430,261
1431,181
1432,262
1433,318
1434,78
1435,288
1436,215
1437,169
1438,257
1439,2
1440,123
1441,300
1442,355
1443,337
1444,155
1445,255
1446,174
1447,281
1448,177
1449,86
1450,127
1451,211
1452,237
1453,130
1454,37
1455,31
1456,171
1457,50
1458,278
1459,83
1460,170
1461,144
1462,210
1463,252
1464,111
1465,65
1466,292
1467,79
1468,74
1469,326
1470,137
1471,257
1472,83
1473,208
1474,142
1475,60
1476,184
1477,108
1478,138
1479,269
1480,317
1481,50
1482,240
1483,264
1484,200
1485,286
1486,314
1487,323
1488,297
1489,226
1490,121
1491,100
1492,126
1493,290
1494,271
1495,88
1496,15
1497,244
1498,107
1499,275
1500,254
1501,266
1502,285
1503,191
1504,120
1505,206
1506,70
1507,75
1508,74
1509,223
1510,199
1511,244
1512,159
1513,84
1514,210
1515,357
1516,86
1517,313
1518,19
1519,359
1520,104
1521,22
1522,20
1523,221
1524,218
1525,248
1526,356
1527,218
1528,218
1529,176
1530,50
1531,90
1532,99
1533,55
1534,123
1535,188
1536,326
1537,280
1538,150
1539,160
1540,200
1541,350
1542,268
1543,349
1544,240
1545,115
1546,20
1547,306
1548,181
1549,14
1550,199
1551,235
1552,358
1553,189
1554,53
1555,248
1556,52
1557,278
1558,351
1559,327
1560,251
1561,72
1562,323
1563,195
1564,156
1565,97
1566,138
1567,92
1568,243
1569,156
1570,262
1571,142
1572,127
1573,256
1574,262
1575,31
1576,161
1577,113
1578,293
1579,291
1580,129
1581,54
1582,284
1583,102
1584,358
1585,51
1586,354
1587,50
1588,23
1589,265
1590,159
1591,234
1592,136
1593,133
1594,103
1595,48
1596,171
1597,149
1598,94
1599,331
1600,110
1601,326
1602,167
1603,164
1604,340
1605,187
1606,351
1607,119
1608,347
1609,211
1610,182
1611,146
1612,174
1613,259
1614,55
1615,306
1616,149
1617,101
1618,189
1619,231
1620,133
1621,170
1622,182
1623,190
1624,4
1625,276
1626,268
1627,267
1628,51
1629,283
1630,259
1631,114
1632,338
1633,336
1634,272
1635,204
1636,154
1637,126
1638,308
1639,98
1640,240
1641,56
1642,280
1643,100
1644,57
1645,161
1646,204
1647,52
1648,316
1649,113
1650,123
1651,25
1652,265
1653,189
1654,154
1655,57
1656,325
1657,142
1658,211
1659,82
1660,328
1661,247
1662,331
1663,54
1664,6
1665,31
1666,200
1667,96
1668,7
1669,172
1670,198
1671,251
1672,316
1673,104
1674,344
1675,138
1676,234
1677,351
1678,191
1679,237
1680,247
1681,49
1682,13
1683,223
1684,96
1685,329
1686,131
1687,53
1688,85
1689,169
1690,85
1691,322
1692,109
1693,129
1694,202
1695,246
1696,143
1697,242
1698,129
1699,201
1700,218
1701,250
1702,83
1703,4
1704,336
1705,37
1706,39
1707,309
1708,35
1709,23
1710,135
1711,186
1712,14
1713,23
1714,133
1715,44
1716,340
1717,62
1718,149
1719,276
1720,21
1721,186
1722,79
1723,113
1724,70
1725,2
1726,219
1727,128
1728,133
1729,44
1730,79
1731,315
1732,6
1733,3
1734,19
1735,292
1736,182
1737,167
1738,268
1739,325
1740,183
1741,75
1742,263
1743,8
1744,266
1745,18
1746,101
1747,315
1748,219
1749,91
1750,317
1751,88
1752,222
1753,280
1754,303
1755,249
1756,102
1757,237
1758,345
1759,10
1760,224
1761,207
1762,36
1763,2
1764,324
1765,96
1766,68
1767,115
1768,140
1769,278
1770,214
1771,187
1772,43
1773,335
1774,91
1775,318
1776,341
1777,226
1778,96
1779,157
1780,102
1781,298
1782,185
1783,161
1784,279
1785,317
1786,100
1787,146
1788,55
1789,3
1790,219
1791,213
1792,192
1793,166
1794,80
1795,74
1796,20
1797,255
1798,36
1799,207
1800,162
1801,356
1802,203
1803,197
1804,275
1805,196
1806,45
1807,216
1808,16
1809,217
1810,7
1811,16
1812,306
1813,91
1814,254
1815,340
1816,112
1817,41
1818,186
1819,29
1820,43
1821,38
1822,233
1823,26
1824,90
1825,302
1826,301
1827,138
1828,14
1829,200
1830,273
1831,65
1832,45
1833,94
1834,241
1835,352
1836,217
1837,222
1838,5
1839,42
1840,312
1841,324
1842,242
1843,293
1844,281
1845,92
1846,157
1847,131
1848,183
1849,42
1850,10
1851,337
1852,310
1853,254
1854,287
1855,205
1856,137
1857,91
1858,73
1859,27
1860,274
1861,319
1862,66
1863,111
1864,331
1865,339
1866,183
1867,165
1868,206
1869,127
1870,16
1871,130
1872,194
1873,92
1874,307
1875,195
1876,51
1877,233
1878,321
1879,184
1880,302
1881,213
1882,339
1883,247
1884,278
1885,148
1886,173
1887,333
1888,183
1889,82
1890,322
1891,179
1892,113
1893,325
1894,251
1895,94
1896,273
1897,306
1898,33
1899,68
1900,185
1901,331
1902,31
1903,310
1904,216
1905,22
1906,127
1907,118
1908,225
1909,263
1910,258
1911,125
1912,36
1913,223
1914,146
1915,135
1916,351
1917,180
1918,98
1919,90
1920,50
1921,153
1922,7
1923,248
1924,317
1925,334
1926,346
1927,220
1928,347
1929,26
1930,90
1931,52
1932,134
1933,189
1934,27
1935,241
1936,66
1937,17
1938,75
1939,281
1940,13
1941,52
1942,201
1943,36
1944,312
1945,64
1946,290
1947,13
1948,204
1949,35
1950,302
1951,194
1952,182
1953,278
1954,343
1955,97
1956,238
1957,210
1958,233
1959,79
1960,8
1961,221
1962,101
1963,322
1964,168
1965,35
1966,65
1967,32
1968,146
1969,195
1970,21
1971,172
1972,45
1973,165
1974,266
1975,280
1976,246
1977,311
1978,330
1979,173
1980,316
1981,62
1982,28
1983,194
1984,127
1985,131
1986,291
1987,28
1988,98
1989,125
1990,130
1991,199
1992,73
1993,242
1994,110
1995,174
1996,285
1997,136
1998,17
1999,37
2000,317
2001,19
2002,104
2003,303
2004,106
2005,182
2006,317
2007,188
2008,164
2009,281
2010,244
2011,315
2012,336
2013,11
2014,27
2015,81
2016,22
2017,190
2018,15
2019,182
2020,270
2021,221
2022,360
2023,241
2024,218
2025,264
2026,335
2027,335
2028,326
2029,33
2030,266
2031,60
2032,140
2033,336
2034,304
2035,315
2036,240
2037,50
2038,345
2039,209
2040,301
2041,133
2042,302
2043,237
2044,337
2045,269
2046,106
2047,186
2048,98
2049,48
2050,312
2051,249
2052,236
2053,253
2054,276
2055,300
2056,164
2057,136
2058,8
2059,259
2060,274
2061,52
2062,360
2063,175
2064,84
2065,333
2066,58
2067,29
2068,360
2069,124
2070,291
2071,161
2072,112
2073,6
2074,35
2075,115
2076,325
2077,308
2078,305
2079,93
2080,175
2081,127
2082,113
2083,216
2084,195
2085,38
2086,69
2087,8
2088,48
2089,324
2090,317
2091,62
2092,319
2093,31
2094,206
2095,15
2096,82
2097,306
2098,319
2099,58
2100,120
2101,224
2102,82
2103,3
2104,93
2105,50
2106,7
2107,184
2108,267
2109,318
2110,97
2111,94
2112,309
2113,101
2114,288
2115,329
2116,20
2117,269
2118,33
2119,191
2120,351
2121,338
2122,313
2123,335
2124,341
2125,188
2126,36
2127,350
2128,41
2129,30
2130,310
2131,302
2132,39
2133,6
2134,356
2135,350
2136,44
2137,102
2138,62
2139,235
2140,343
2141,122
2142,186
2143,325
2144,181
2145,199
2146,243
2147,335
2148,82
2149,53
2150,184
2151,355
2152,289
2153,327
2154,64
2155,127
2156,41
2157,187
2158,267
2159,273
2160,184
2161,261
2162,127
2163,321
2164,290
2165,244
2166,278
2167,339
2168,172
2169,79
2170,323
2171,2
2172,271
2173,209
2174,38
2175,253
2176,125
2177,86
2178,70
2179,53
2180,17
2181,118
2182,211
2183,202
2184,217
2185,286
2186,353
2187,27
2188,260
2189,188
2190,44
2191,68
2192,133
2193,278
2194,136
2195,234
2196,105
2197,256
2198,230
2199,284
2200,311
2201,52
2202,190
2203,35
2204,207
2205,288
2206,227
2207,271
2208,357
2209,188
2210,38
2211,160
2212,101
2213,108
2214,100
2215,258
2216,200
2217,331
2218,14
2219,255
2220,234
2221,311
2222,131
2223,20
2224,170
2225,66
2226,208
2227,281
2228,27
2229,33
2230,153
2231,120
2232,290
2233,295
2234,357
2235,186
2236,178
2237,208
2238,139
2239,92
2240,151
2241,153
2242,194
2243,126
2244,27
2245,111
2246,279
2247,236
2248,205
2249,3
2250,226
2251,44
2252,75
2253,330
2254,289
2255,113
2256,257
2257,41
2258,290
2259,248
2260,354
2261,71
2262,164
2263,241
2264,138
2265,52
2266,237
2267,263
2268,337
2269,65
2270,86
2271,275
2272,96
2273,154
2274,260
2275,267
2276,32
2277,143
2278,190
2279,15
2280,302
2281,228
2282,5
2283,34
2284,65
2285,131
2286,190
2287,10
2288,177
2289,95
2290,62
2291,200
2292,175
2293,270
2294,85
2295,171
2296,220
2297,208
2298,357
2299,18
2300,287
2301,173
2302,320
2303,294
2304,194
2305,173
2306,14
2307,323
2308,318
2309,94
2310,112
2311,223
2312,155
2313,144
2314,197
2315,139
2316,28
2317,214
2318,291
2319,20
2320,123
2321,52
2322,21
2323,349
2324,197
2325,122
2326,119
2327,103
2328,320
2329,211
2330,29
2331,199
2332,110
2333,331
2334,119
2335,132
2336,317
2337,281
2338,335
2339,78
2340,235
2341,337
2342,144
2343,235
2344,308
2345,189
2346,110
2347,266
2348,199
2349,289
2350,141
2351,228
2352,242
2353,76
2354,231
2355,257
2356,21
2357,103
2358,114
2359,312
2360,159
2361,159
2362,250
2363,283
2364,116
2365,273
2366,354
2367,17
2368,68
2369,335
2370,129
2371,41
2372,241
2373,151
2374,187
2375,205
2376,346
2377,279
2378,312
2379,85
2380,44
2381,359
2382,272
2383,52
2384,234
2385,140
2386,127
2387,242
2388,22
2389,176
2390,10
2391,85
2392,36
2393,24
2394,193
2395,238
2396,23
2397,155
2398,171
2399,341
2400,122
2401,94
2402,13
2403,73
2404,253
2405,215
2406,118
2407,183
2408,237
2409,233
2410,289
2411,244
2412,64
2413,302
2414,259
2415,251
2416,330
2417,186
2418,273
2419,25
2420,304
2421,226
2422,254
2423,45
2424,200
2425,52
2426,66
2427,342
2428,296
2429,237
2430,96
2431,342
2432,122
2433,169
2434,298
2435,76
2436,273
2437,69
2438,266
2439,301
2440,148
2441,173
2442,62
2443,266
2444,285
2445,185
2446,20
2447,218
2448,142
2449,316
2450,238
2451,328
2452,80
2453,80
2454,125
2455,45
2456,102
2457,166
2458,249
2459,252
2460,20
2461,78
2462,222
2463,251
2464,158
2465,165
2466,147
2467,3
2468,279
2469,14
2470,224
2471,344
2472,184
2473,258
2474,56
2475,44
2476,165
2477,257
2478,50
2479,265
2480,276
2481,230
2482,234
2483,163
2484,39
2485,325
2486,231
2487,122
2488,126
2489,349
2490,271
2491,31
2492,258
2493,84
2494,212
2495,318
2496,330
2497,172
2498,192
2499,324
2500,341
2501,296
2502,218
2503,48
2504,274
2505,193
2506,37
2507,239
2508,76
2509,240
2510,250
2511,209
2512,96
2513,207
2514,132
2515,132
2516,147
2517,104
2518,246
2519,323
2520,194
2521,351
2522,258
2523,49
2524,6
2525,124
2526,22
2527,231
2528,105
2529,350
2530,206
2531,67
2532,255
2533,104
2534,321
2535,310
2536,3
2537,281
2538,313
2539,58
2540,336
2541,144
2542,256
2543,116
2544,9
2545,159
2546,102
2547,150
2548,253
2549,359
2550,302
2551,144
2552,274
2553,183
2554,249
2555,248
2556,287
2557,87
2558,161
2559,121
2560,169
2561,174
2562,168
2563,282
2564,260
2565,17
2566,258
2567,278
2568,199
2569,23
2570,125
2571,296
2572,287
2573,249
2574,246
2575,25
2576,209
2577,67
2578,226
2579,58
2580,79
2581,166
2582,143
2583,138
2584,353
2585,165
2586,143
2587,119
2588,210
2589,22
2590,39
2591,330
2592,88
2593,184
2594,21
2595,55
2596,171
2597,234
2598,26
2599,66
2600,101
2601,216
2602,195
2603,184
2604,193
2605,122
2606,6
2607,205
2608,295
2609,134
2610,297
2611,79
2612,1
2613,182
2614,340
2615,126
2616,188
2617,100
2618,349
2619,108
2620,164
2621,337
2622,223
2623,65
2624,331
2625,204
2626,79
2627,139
2628,24
2629,234
2630,231
2631,346
2632,213
2633,62
2634,281
2635,223
2636,181
2637,321
2638,230
2639,277
2640,179
2641,75
2642,149
2643,194
2644,161
2645,270
2646,205
2647,259
2648,291
2649,187
2650,341
2651,355
2652,296
2653,81
2654,123
2655,283
2656,20
2657,142
2658,326
2659,62
2660,220
2661,204
2662,24
2663,182
2664,202
2665,130
2666,42
2667,111
2668,356
2669,49
2670,218
2671,223
2672,212
2673,269
2674,226
2675,297
2676,359
2677,15
2678,172
2679,261
2680,156
2681,300
2682,308
2683,282
2684,330
2685,40
2686,44
2687,150
2688,73
2689,175
2690,269
2691,203
2692,319
2693,340
2694,152
2695,241
2696,125
2697,197
2698,81
2699,11
2700,93
2701,136
2702,44
2703,107
2704,216
2705,112
2706,170
2707,251
2708,210
2709,306
2710,185
2711,154
2712,323
2713,343
2714,357
2715,187
2716,226
2717,226
2718,233
2719,138
2720,234
2721,158
2722,259
2723,113
2724,343
2725,338
2726,309
2727,10
2728,132
2729,276
2730,125
2731,117
2732,135
2733,62
2734,108
2735,158
2736,179
2737,264
2738,131
2739,58
2740,165
2741,97
2742,192
2743,120
2744,29
2745,337
2746,28
2747,153
2748,16
2749,63
2750,124
2751,337
2752,114
2753,205
2754,239
2755,66
2756,107
2757,75
2758,171
2759,27
2760,126
2761,332
2762,325
2763,57
2764,7
2765,10
2766,358
2767,196
2768,211
2769,172
2770,290
2771,320
2772,118
2773,58
2774,343
2775,115
2776,41
2777,53
2778,333
2779,141
2780,194
2781,87
2782,135
2783,108
2784,77
2785,17
2786,264
2787,207
2788,74
2789,248
2790,114
2791,90
2792,256
2793,249
2794,75
2795,149
2796,91
2797,98
2798,72
2799,138
2800,243
2801,325
2802,196
2803,187
2804,178
2805,325
2806,196
2807,267
2808,78
2809,111
2810,181
2811,260
2812,115
2813,14
2814,215
2815,297
2816,268
2817,55
2818,212
2819,121
2820,240
2821,117
2822,347
2823,5
2824,170
2825,107
2826,5
2827,231
2828,132
2829,83
2830,225
2831,215
2832,232
2833,329
2834,126
2835,91
2836,102
2837,64
2838,143
2839,266
2840,284
2841,208
2842,343
2843,31
2844,25
2845,22
2846,198
2847,159
2848,208
2849,295
2850,262
2851,135
2852,273
2853,79
2854,118
2855,59
2856,38
2857,227
2858,12
2859,156
2860,273
2861,30
2862,75
2863,333
2864,317
2865,240
2866,149
2867,112
2868,203
2869,92
2870,47
2871,17
2872,191
2873,132
2874,304
2875,108
2876,269
2877,358
2878,145
2879,242
2880,97
2881,132
2882,277
2883,261
2884,265
2885,108
2886,98
2887,171
2888,312
2889,248
2890,101
2891,344
2892,274
2893,21
2894,173
2895,356
2896,28
2897,240
2898,18
2899,285
2900,292
2901,32
2902,245
2903,226
2904,188
2905,192
2906,124
2907,288
2908,38
2909,316
2910,258
2911,159
2912,349
2913,124
2914,151
2915,64
2916,36
2917,245
2918,133
2919,111
2920,63
2921,122
2922,175
2923,206
2924,228
2925,327
2926,339
2927,112
2928,40
2929,93
2930,38
2931,226
2932,92
2933,270
2934,116
2935,149
2936,301
2937,108
2938,176
2939,23
2940,56
2941,189
2942,164
2943,200
2944,285
2945,353
2946,39
2947,102
2948,56
2949,281
2950,132
2951,263
2952,5
2953,356
2954,124
2955,209
2956,277
2957,288
2958,168
2959,307
2960,345
2961,321
2962,246
2963,331
2964,213
2965,114
2966,46
2967,286
2968,181
2969,291
2970,271
2971,225
2972,51
2973,80
2974,330
2975,66
2976,332
2977,190
2978,320
2979,342
2980,267
2981,153
2982,246
2983,9
2984,58
2985,67
2986,152
2987,257
2988,199
2989,149
2990,74
2991,36
2992,347
2993,342
2994,96
2995,282
2996,110
2997,106
2998,43
2999,348
3000,340
3001,272
3002,342
3003,261
3004,84
3005,322
3006,217
3007,121
3008,217
3009,98
3010,187
3011,72
3012,68
3013,166
3014,360
3015,151
3016,7
3017,102
3018,38
3019,138
3020,345
3021,350
3022,231
3023,51
3024,75
3025,160
3026,344
3027,264
3028,341
3029,98
3030,246
3031,179
3032,232
3033,356
3034,337
3035,260
3036,68
3037,237
3038,173
3039,36
3040,198
3041,90
3042,252
3043,20
3044,61
3045,157
3046,33
3047,323
3048,300
3049,259
3050,72
3051,101
3052,18
3053,231
3054,169
3055,173
3056,114
3057,34
3058,35
3059,358
3060,206
3061,304
3062,137
3063,352
3064,150
3065,107
3066,283
3067,344
3068,186
3069,214
3070,53
3071,316
3072,168
3073,2
3074,176
3075,242
3076,60
3077,37
3078,342
3079,246
3080,5
3081,228
3082,249
3083,347
3084,142
3085,46
3086,150
3087,94
3088,73
3089,162
3090,203
3091,18
3092,99
3093,109
3094,145
3095,240
3096,62
3097,48
3098,11
3099,168
3100,260
3101,160
3102,138
3103,15
3104,132
3105,327
3106,287
3107,331
3108,198
3109,304
3110,173
3111,183
3112,134
3113,330
3114,269
3115,82
3116,280
3117,58
3118,175
3119,114
3120,178
3121,5
3122,105
3123,194
3124,283
3125,293
3126,245
3127,221
3128,119
3129,56
3130,25
3131,336
3132,66
3133,127
3134,33
3135,152
3136,103
3137,27
3138,219
3139,206
3140,203
3141,152
3142,29
3143,284
3144,353
3145,281
3146,159
3147,206
3148,146
3149,139
3150,7
3151,150
3152,38
3153,84
3154,68
3155,296
3156,240
3157,209
3158,104
3159,251
3160,191
3161,62
3162,250
3163,92
3164,76
3165,265
3166,329
3167,146
3168,45
3169,187
3170,20
3171,278
3172,308
3173,240
3174,120
3175,36
3176,360
3177,189
3178,81
3179,80
3180,152
3181,78
3182,360
3183,200
3184,21
3185,120
3186,50
3187,221
3188,66
3189,150
3190,355
3191,12
3192,176
3193,274
3194,180
3195,16
3196,196
3197,176
3198,89
3199,240
3200,50
3201,99
3202,234
3203,214
3204,291
3205,181
3206,274
3207,338
3208,287
3209,337
3210,64
3211,347
3212,108
3213,190
3214,125
3215,284
3216,46
3217,291
3218,176
3219,238
3220,28
3221,64
3222,88
3223,170
3224,183
3225,179
3226,211
3227,37
3228,133
3229,158
3230,230
3231,356
3232,296
3233,316
3234,341
3235,239
3236,194
3237,158
3238,100
3239,357
3240,244
3241,78
3242,106
3243,63
3244,352
3245,55
3246,344
3247,8
3248,18
3249,2
3250,300
3251,147
3252,237
3253,284
3254,61
3255,159
3256,244
3257,41
3258,334
3259,162
3260,43
3261,309
3262,343
3263,227
3264,349
3265,154
3266,117
3267,28
3268,188
3269,199
3270,230
3271,272
3272,188
3273,21
3274,83
3275,127
3276,302
3277,30
3278,216
3279,91
3280,247
3281,348
3282,147
3283,357
3284,77
3285,14
3286,194
3287,119
3288,217
3289,224
3290,148
3291,340
3292,226
3293,337
3294,110
3295,286
3296,263
3297,127
3298,358
3299,302
3300,224
3301,334
3302,335
3303,4
3304,338
3305,3
3306,289
3307,352
3308,9
3309,82
3310,50
3311,123
3312,93
3313,269
3314,203
3315,21
3316,91
3317,107
3318,144
3319,279
3320,243
3321,96
3322,107
3323,187
3324,132
3325,201
3326,175
3327,330
3328,76
3329,246
3330,242
3331,216
3332,87
3333,144
3334,64
3335,29
3336,313
3337,177
3338,296
3339,155
3340,108
3341,249
3342,66
3343,34
3344,309
3345,169
3346,306
3347,196
3348,264
3349,326
3350,44
3351,109
3352,89
3353,263
3354,174
3355,325
3356,25
3357,71
3358,129
3359,225
3360,329
3361,244
3362,210
3363,108
3364,270
3365,263
3366,10
3367,180
3368,344
3369,355
3370,32
3371,154
3372,116
3373,57
3374,145
3375,359
3376,28
3377,247
3378,334
3379,19
3380,360
3381,322
3382,79
3383,56
3384,62
3385,350
3386,68
3387,57
3388,253
3389,317
3390,223
3391,38
3392,193
3393,202
3394,351
3395,272
3396,99
3397,208
3398,237
3399,47
3400,85
3401,94
3402,309
3403,179
3404,81
3405,189
3406,91
3407,18
3408,337
3409,49
3410,130
3411,183
3412,197
3413,114
3414,249
3415,254
3416,234
3417,229
3418,242
3419,198
3420,84
3421,183
3422,141
3423,318
3424,150
3425,351
3426,113
3427,29
3428,30
3429,82
3430,303
3431,258
3432,211
3433,326
3434,260
3435,176
3436,104
3437,271
3438,299
3439,72
3440,10
3441,75
3442,240
3443,6
3444,49
3445,31
3446,108
3447,248
3448,81
3449,322
3450,231
3451,10
3452,334
3453,149
3454,27
3455,215
3456,201
3457,251
3458,199
3459,303
3460,75
3461,197
3462,38
3463,237
3464,259
3465,157
3466,65
3467,85
3468,11
3469,264
3470,207
3471,68
3472,92
3473,45
3474,135
3475,297
3476,340
3477,17
3478,212
3479,192
3480,279
3481,340
3482,56
3483,306
3484,115
3485,181
3486,54
3487,105
3488,355
3489,76
3490,119
3491,276
3492,122
3493,183
3494,120
3495,17
3496,84
3497,70
3498,324
3499,61
3500,245
3501,86
3502,82
3503,170
3504,353
3505,86
3506,117
3507,25
3508,31
3509,94
3510,321
3511,71
3512,249
3513,151
3514,78
3515,131
3516,103
3517,165
3518,101
3519,263
3520,324
3521,80
3522,234
3523,85
3524,86
3525,93
3526,27
3527,36
3528,302
3529,307
3530,68
3531,82
3532,80
3533,174
3534,102
3535,44
3536,182
3537,230
3538,218
3539,92
3540,157
3541,309
3542,54
3543,225
3544,280
3545,226
3546,76
3547,13
3548,278
3549,220
3550,237
3551,318
3552,258
3553,92
3554,145
3555,208
3556,275
3557,148
3558,90
3559,48
3560,76
3561,123
3562,240
3563,211
3564,329
3565,278
3566,197
3567,284
3568,146
3569,223
3570,162
3571,176
3572,290
3573,301
3574,132
3575,138
3576,207
3577,259
3578,131
3579,252
3580,349
3581,341
3582,150
3583,173
3584,85
3585,317
3586,235
3587,193
3588,121
3589,182
3590,309
3591,206
3592,85
3593,68
3594,196
3595,329
3596,271
3597,306
3598,288
3599,125
3600,173
3601,247
3602,49
3603,137
3604,238
3605,354
3606,90
3607,122
3608,139
3609,224
3610,287
3611,180
3612,65
3613,268
3614,97
3615,219
3616,251
3617,107
3618,151
3619,219
3620,72
3621,209
3622,286
3623,25
3624,162
3625,283
3626,184
3627,346
3628,285
3629,289
3630,295
3631,8
3632,232
3633,311
3634,28
3635,291
3636,47
3637,83
3638,45
3639,313
3640,207
3641,36
3642,270
3643,9
3644,3
3645,112
3646,283
3647,176
3648,83
3649,349
3650,161
3651,331
3652,35
3653,120
3654,36
3655,1
3656,140
3657,234
3658,273
3659,127
3660,356
3661,19
3662,255
3663,306
3664,61
3665,309
3666,112
3667,113
3668,282
3669,297
3670,330
3671,192
3672,95
3673,11
3674,167
3675,209
3676,28
3677,267
3678,72
3679,15
3680,185
3681,4
3682,230
3683,144
3684,207
3685,273
3686,215
3687,249
3688,70
3689,351
3690,156
3691,345
3692,328
3693,251
3694,14
3695,287
3696,145
3697,235
3698,134
3699,229
3700,98
3701,11
3702,185
3703,31
3704,300
3705,92
3706,64
3707,68
3708,195
3709,91
3710,141
3711,15
3712,302
3713,165
3714,168
3715,306
3716,84
3717,171
3718,355
3719,299
3720,129
3721,311
3722,226
3723,315
3724,3
3725,107
3726,169
3727,184
3728,245
3729,234
3730,104
3731,177
3732,53
3733,95
3734,44
3735,248
3736,108
3737,283
3738,341
3739,274
3740,189
3741,265
3742,50
3743,1
3744,79
3745,245
3746,13
3747,288
3748,45
3749,175
3750,119
3751,120
3752,178
3753,204
3754,54
3755,80
3756,45
3757,87
3758,187
3759,190
3760,2
3761,301
3762,50
3763,10
3764,143
3765,113
3766,185
3767,259
3768,109
3769,229
3770,60
3771,82
3772,254
3773,267
3774,214
3775,68
3776,79
3777,33
3778,147
3779,326
3780,171
3781,292
3782,330
3783,65
3784,175
3785,150
3786,177
3787,323
3788,327
3789,317
3790,85
3791,41
3792,317
3793,55
3794,91
3795,235
3796,151
3797,245
3798,264
3799,9
3800,273
3801,342
3802,257
3803,146
3804,128
3805,16
3806,204
3807,105
3808,36
3809,189
3810,299
3811,91
3812,13
3813,206
3814,142
3815,315
3816,126
3817,161
3818,3
3819,186
3820,11
3821,325
3822,52
3823,128
3824,23
3825,159
3826,258
3827,15
3828,351
3829,268
3830,61
3831,271
3832,26
3833,210
3834,236
3835,308
3836,352
3837,180
3838,254
3839,91
3840,317
3841,77
3842,316
3843,196
3844,46
3845,63
3846,272
3847,258
3848,285
3849,35
3850,230
3851,72
3852,87
3853,182
3854,231
3855,94
3856,282
3857,68
3858,347
3859,104
3860,283
3861,141
3862,314
3863,265
3864,139
3865,359
3866,286
3867,135
3868,19
3869,204
3870,55
3871,179
3872,202
3873,360
3874,6
3875,53
3876,299
3877,258
3878,256
3879,306
3880,27
3881,199
3882,151
3883,253
3884,226
3885,195
3886,38
3887,269
3888,306
3889,301
3890,175
3891,122
3892,138
3893,153
3894,276
3895,248
3896,148
3897,228
3898,125
3899,339
3900,67
3901,279
3902,360
3903,243
3904,113
3905,140
3906,184
3907,178
3908,186
3909,49
3910,102
3911,279
3912,85
3913,115
3914,356
3915,233
3916,101
3917,247
3918,44
3919,332
3920,159
3921,77
3922,320
3923,317
3924,203
3925,168
3926,253
3927,25
3928,299
3929,149
3930,117
3931,36
3932,98
3933,309
3934,341
3935,232
3936,34
3937,236
3938,204
3939,276
3940,214
3941,136
3942,39
3943,45
3944,120
3945,66
3946,312
3947,3
3948,198
3949,53
3950,331
3951,300
3952,91
3953,36
3954,266
3955,167
3956,33
3957,356
3958,74
3959,225
3960,120
3961,238
3962,141
3963,93
3964,352
3965,196
3966,149
3967,268
3968,250
3969,261
3970,260
3971,105
3972,253
3973,72
3974,121
3975,30
3976,265
3977,23
3978,247
3979,172
3980,174
3981,36
3982,141
3983,143
3984,36
3985,18
3986,280
3987,192
3988,228
3989,160
3990,89
3991,245
3992,260
3993,174
3994,252
3995,277
3996,48
3997,20
3998,190
3999,106
4000,81
4001,115
4002,295
4003,87
4004,56
4005,261
4006,28
4007,284
4008,333
4009,253
4010,311
4011,243
4012,51
4013,217
4014,214
4015,60
4016,344
4017,151
4018,344
4019,332
4020,209
4021,50
4022,148
4023,140
4024,261
4025,278
4026,38
4027,2
4028,95
4029,28
4030,164
4031,125
4032,265
4033,298
4034,206
4035,323
4036,198
4037,113
4038,68
4039,136
4040,350
4041,203
4042,187
4043,97
4044,94
4045,346
4046,147
4047,335
4048,296
4049,208
4050,288
4051,10
4052,36
4053,49
4054,220
4055,104
4056,206
4057,223
4058,182
4059,39
4060,323
4061,49
4062,9
4063,94
4064,349
4065,282
4066,354
4067,44
4068,282
4069,78
4070,215
4071,337
4072,350
4073,107
4074,162
4075,310
4076,357
4077,54
4078,71
4079,99
4080,115
4081,216
4082,211
4083,142
4084,216
4085,104
4086,100
4087,124
4088,80
4089,99
4090,32
4091,135
4092,79
4093,220
4094,135
4095,136
4096,279
4097,193
4098,323
4099,178
4100,221
4101,355
4102,153
4103,205
4104,189
4105,165
4106,335
4107,121
4108,268
4109,158
4110,173
4111,238
4112,83
4113,148
4114,150
4115,80
4116,177
4117,138
4118,43
4119,323
4120,87
4121,326
4122,136
4123,324
4124,63
4125,15
4126,278
4127,347
4128,125
4129,301
4130,275
4131,302
4132,193
4133,111
4134,299
4135,67
4136,263
4137,280
4138,203
4139,140
4140,360
4141,7
4142,75
4143,17
4144,93
4145,52
4146,108
4147,62
4148,129
4149,326
4150,301
4151,243
4152,169
4153,182
4154,236
4155,312
4156,314
4157,240
4158,242
4159,134
4160,156
4161,326
4162,287
4163,4
4164,281
4165,262
4166,120
4167,336
4168,102
4169,19
4170,218
4171,87
4172,322
4173,272
4174,152
4175,190
4176,305
4177,270
4178,46
4179,25
4180,159
4181,255
4182,352
4183,206
4184,40
4185,126
4186,61
4187,41
4188,359
4189,105
4190,78
4191,246
4192,192
4193,279
4194,194
4195,349
4196,306
4197,291
4198,260
4199,34
4200,136
4201,39
4202,270
4203,95
4204,110
4205,193
4206,356
4207,126
4208,14
4209,165
4210,60
4211,142
4212,19
4213,215
4214,294
4215,3
4216,146
4217,115
4218,203
4219,149
4220,344
4221,70
4222,116
4223,346
4224,351
4225,115
4226,30
4227,191
4228,88
4229,12
4230,291
4231,4
4232,175
4233,175
4234,82
4235,238
4236,357
4237,179
4238,7
4239,355
4240,47
4241,63
4242,124
4243,6
4244,304
4245,345
4246,145
4247,141
4248,232
4249,6
4250,167
4251,157
4252,119
4253,344
4254,328
4255,320
4256,269
4257,338
4258,344
4259,89
4260,333
4261,205
4262,21
4263,272
4264,30
4265,85
4266,91
4267,300
4268,79
4269,73
4270,197
4271,124
4272,236
4273,218
4274,152
4275,186
4276,184
4277,351
4278,51
4279,268
4280,164
4281,8
4282,16
4283,358
4284,234
4285,325
4286,296
4287,64
4288,97
4289,264
4290,128
4291,285
4292,183
4293,108
4294,326
4295,69
4296,326
4297,118
4298,135
4299,294
4300,240
4301,356
4302,220
4303,298
4304,334
4305,259
4306,94
4307,181
4308,227
4309,326
4310,339
4311,280
4312,253
4313,240
4314,239
4315,315
4316,214
4317,347
4318,123
4319,304
4320,72
4321,277
4322,13
4323,22
4324,51
4325,64
4326,357
4327,359
4328,103
4329,180
4330,248
4331,291
4332,220
4333,244
4334,93
4335,194
4336,161
4337,318
4338,37
4339,106
4340,185
4341,9
4342,183
4343,27
4344,353
4345,138
4346,8
4347,147
4348,296
4349,235
4350,287
4351,68
4352,178
4353,17
4354,219
4355,66
4356,21
4357,198
4358,100
4359,222
4360,176
4361,198
4362,176
4363,306
4364,162
4365,354
4366,298
4367,218
4368,160
4369,108
4370,311
4371,71
4372,342
4373,247
4374,182
4375,146
4376,66
4377,27
4378,196
4379,73
4380,245
4381,275
4382,83
4383,94
4384,63
4385,243
4386,177
4387,196
4388,166
4389,166
4390,248
4391,219
4392,287
4393,149
4394,123
4395,160
4396,216
4397,283
4398,154
4399,279
4400,354
4401,222
4402,137
4403,304
4404,240
4405,60
4406,190
4407,309
4408,214
4409,180
4410,114
4411,141
4412,317
4413,324
4414,258
4415,296
4416,109
4417,15
4418,167
4419,341
4420,255
4421,60
4422,244
4423,334
4424,155
4425,187
4426,102
4427,17
4428,54
4429,58
4430,358
4431,49
4432,129
4433,183
4434,272
4435,246
4436,180
4437,105
4438,232
4439,130
4440,349
4441,353
4442,272
4443,28
4444,243
4445,65
4446,329
4447,246
4448,109
4449,312
4450,71
4451,54
4452,60
4453,230
4454,134
4455,126
4456,150
4457,54
4458,230
4459,127
4460,171
4461,115
4462,228
4463,71
4464,220
4465,197
4466,335
4467,42
4468,237
4469,5
4470,304
4471,228
4472,23
4473,181
4474,350
4475,238
4476,297
4477,351
4478,150
4479,305
4480,3
4481,170
4482,341
4483,199
4484,164
4485,240
4486,187
4487,328
4488,52
4489,299
4490,246
4491,98
4492,123
4493,359
4494,27
4495,161
4496,276
4497,241
4498,328
4499,265
4500,253
4501,236
4502,230
4503,38
4504,239
4505,19
4506,242
4507,195
4508,263
4509,232
4510,312
4511,195
4512,159
4513,128
4514,215
4515,9
4516,357
4517,40
4518,169
4519,78
4520,342
4521,262
4522,291
4523,274
4524,291
4525,97
4526,313
4527,284
4528,164
4529,211
4530,3
4531,126
4532,247
4533,97
4534,287
4535,184
4536,143
4537,260
4538,122
4539,357
4540,124
4541,315
4542,75
4543,204
4544,212
4545,203
4546,343
4547,93
4548,232
4549,104
4550,163
4551,172
4552,126
4553,78
4554,322
4555,244
4556,59
4557,299
4558,145
4559,314
4560,106
4561,263
4562,288
4563,8
4564,355
4565,271
4566,62
4567,228
4568,5
4569,20
4570,211
4571,266
4572,268
4573,280
4574,196
4575,328
4576,32
4577,105
4578,131
4579,355
4580,303
4581,206
4582,248
4583,211
4584,233
4585,69
4586,313
4587,87
4588,63
4589,12
4590,162
4591,308
4592,318
4593,356
4594,218
4595,117
4596,180
4597,318
4598,25
4599,214
4600,154
4601,232
4602,103
4603,59
4604,107
4605,80
4606,67
4607,274
4608,156
4609,227
4610,174
4611,179
4612,150
4613,296
4614,102
4615,93
4616,81
4617,140
4618,334
4619,322
4620,109
4621,96
4622,239
4623,246
4624,99
4625,123
4626,291
4627,327
4628,269
4629,206
4630,244
4631,177
4632,70
4633,60
4634,118
4635,271
4636,156
4637,331
4638,360
4639,212
4640,165
4641,141
4642,80
4643,262
4644,308
4645,277
4646,291
4647,108
4648,126
4649,246
4650,163
4651,263
4652,285
4653,163
4654,183
4655,161
4656,59
4657,176
4658,229
4659,2
4660,302
4661,128
4662,58
4663,139
4664,358
4665,107
4666,81
4667,301
4668,102
4669,122
4670,216
4671,36
4672,165
4673,71
4674,306
4675,169
4676,162
4677,76
4678,350
4679,289
4680,47
4681,358
4682,179
4683,7
4684,153
4685,314
4686,284
4687,96
4688,288
4689,242
4690,33
4691,228
4692,310
4693,257
4694,24
4695,130
4696,64
4697,19
4698,288
4699,2
4700,111
4701,28
4702,329
4703,231
4704,298
4705,174
4706,157
4707,157
4708,182
4709,39
4710,251
4711,260
4712,170
4713,345
4714,51
4715,265
4716,331
4717,126
4718,321
4719,305
4720,29
4721,1
4722,125
4723,30
4724,174
4725,80
4726,115
4727,6
4728,276
4729,213
4730,340
4731,303
4732,239
4733,69
4734,34
4735,310
4736,247
4737,235
4738,48
4739,61
4740,239
4741,298
4742,99
4743,265
4744,122
4745,219
4746,217
4747,296
4748,136
4749,156
4750,174
4751,126
4752,346
4753,149
4754,43
4755,45
4756,316
4757,2
4758,291
4759,155
4760,313
4761,218
4762,194
4763,2
4764,47
4765,240
4766,39
4767,270
4768,266
4769,294
4770,265
4771,166
4772,166
4773,210
4774,335
4775,164
4776,42
4777,9
4778,94
4779,49
4780,50
4781,176
4782,75
4783,173
4784,83
4785,101
4786,275
4787,116
4788,74
4789,107
4790,106
4791,336
4792,257
4793,5
4794,340
4795,323
4796,234
4797,334
4798,76
4799,280
4800,229
4801,147
4802,63
4803,113
4804,270
4805,116
4806,57
4807,270
4808,29
4809,125
4810,265
4811,337
4812,321
4813,89
4814,234
4815,249
4816,188
4817,3
4818,91
4819,20
4820,183
4821,234
4822,318
4823,314
4824,12
4825,267
4826,138
4827,347
4828,232
4829,292
4830,162
4831,142
4832,102
4833,233
4834,259
4835,43
4836,246
4837,264
4838,313
4839,196
4840,44
4841,129
4842,15
4843,190
4844,279
4845,301
4846,140
4847,73
4848,273
4849,115
4850,96
4851,203
4852,262
4853,357
4854,106
4855,101
4856,98
4857,54
4858,319
4859,79
4860,147
4861,143
4862,187
4863,348
4864,287
4865,228
4866,247
4867,87
4868,199
4869,114
4870,332
4871,106
4872,168
4873,57
4874,180
4875,31
4876,222
4877,139
4878,181
4879,37
4880,346
4881,210
4882,34
4883,4
4884,309
4885,348
4886,68
4887,115
4888,310
4889,271
4890,318
4891,203
4892,229
4893,193
4894,322
4895,353
4896,259
4897,339
4898,217
4899,64
4900,357
4901,230
4902,79
4903,93
4904,88
4905,329
4906,182
4907,315
4908,280
4909,315
4910,349
4911,234
4912,55
4913,222
4914,352
4915,140
4916,63
4917,172
4918,156
4919,19
4920,243
4921,207
4922,90
4923,103
4924,332
4925,127
4926,231
4927,14
4928,213
4929,318
4930,215
4931,275
4932,65
4933,72
4934,76
4935,18
4936,164
4937,350
4938,83
4939,197
4940,321
4941,253
4942,70
4943,134
4944,70
4945,144
4946,16
4947,274
4948,104
4949,257
4950,279
4951,192
4952,359
4953,107
4954,268
4955,4
4956,168
4957,146
4958,140
4959,92
4960,301
4961,357
4962,294
4963,312
4964,322
4965,143
4966,272
4967,300
4968,158
4969,221
4970,222
4971,157
4972,108
4973,296
4974,91
4975,172
4976,297
4977,258
4978,111
4979,144
4980,49
4981,283
4982,126
4983,160
4984,360
4985,334
4986,113
4987,235
4988,275
4989,111
4990,223
4991,107
4992,164
4993,81
4994,346
4995,129
4996,178
4997,38
4998,218
4999,21
5000,79
5001,18
5002,151
5003,101
5004,194
5005,170
5006,138
5007,230
5008,31
5009,68
5010,199
5011,24
5012,355
5013,309
5014,49
5015,350
5016,159
5017,256
5018,333
5019,94
5020,283
5021,38
5022,65
5023,91
5024,163
5025,335
5026,269
5027,25
5028,44
5029,336
5030,247
5031,116
5032,26
5033,138
5034,64
5035,168
5036,327
5037,126
5038,357
5039,220
5040,132
5041,307
5042,210
5043,82
5044,339
5045,63
5046,357
5047,198
5048,232
5049,101
5050,267
5051,73
5052,317
5053,13
5054,173
5055,31
5056,13
5057,288
5058,323
5059,42
5060,27
5061,1
5062,42
5063,300
5064,127
5065,71
5066,35
5067,154
5068,356
5069,137
5070,240
5071,105
5072,112
5073,258
5074,317
5075,225
5076,29
5077,248
5078,120
5079,298
5080,148
5081,315
5082,128
5083,74
5084,208
5085,88
5086,124
5087,29
5088,237
5089,178
5090,337
5091,246
5092,61
5093,225
5094,177
5095,268
5096,188
5097,337
5098,137
5099,199
5100,47
5101,295
5102,125
5103,101
5104,331
5105,240
5106,307
5107,296
5108,17
5109,196
5110,195
5111,317
5112,191
5113,317
5114,227
5115,151
5116,337
5117,99
5118,144
5119,119
5120,9
5121,219
5122,35
5123,331
5124,98
5125,260
5126,122
5127,248
5128,237
5129,225
5130,285
5131,10
5132,136
5133,72
5134,282
5135,221
5136,169
5137,179
5138,321
5139,82
5140,335
5141,89
5142,60
5143,172
5144,75
5145,213
5146,248
5147,121
5148,355
5149,312
5150,360
5151,51
5152,1
5153,109
5154,67
5155,268
5156,179
5157,21
5158,233
5159,322
5160,354
5161,143
5162,354
5163,240
5164,295
5165,67
5166,39
5167,135
5168,262
5169,280
5170,323
5171,176
5172,91
5173,100
5174,275
5175,350
5176,288
5177,210
5178,184
5179,358
5180,137
5181,234
5182,273
5183,123
5184,290
5185,264
5186,303
5187,87
5188,140
5189,194
5190,174
5191,239
5192,197
5193,122
5194,188
5195,123
5196,278
5197,159
5198,82
5199,22
5200,236
5201,205
5202,138
5203,84
5204,257
5205,95
5206,323
5207,110
5208,303
5209,223
5210,151
5211,225
5212,258
5213,291
5214,335
5215,211
5216,200
5217,319
5218,56
5219,62
5220,312
5221,206
5222,281
5223,349
5224,78
5225,354
5226,150
5227,159
5228,324
5229,4
5230,213
5231,168
5232,360
5233,135
5234,127
5235,38
5236,156
5237,108
5238,60
5239,122
5240,165
5241,174
5242,343
5243,315
5244,214
5245,81
5246,287
5247,192
5248,226
5249,93
5250,117
5251,356
5252,80
5253,59
5254,98
5255,100
5256,88
5257,131
5258,123
5259,248
5260,263
5261,319
5262,328
5263,93
5264,33
5265,130
5266,74
5267,109
5268,355
5269,238
5270,139
5271,227
5272,251
5273,45
5274,338
5275,140
5276,107
5277,203
5278,32
5279,162
5280,265
5281,54
5282,198
5283,26
5284,239
5285,306
5286,140
5287,286
5288,301
5289,67
5290,222
5291,24
5292,350
5293,329
5294,212
5295,100
5296,54
5297,339
5298,235
5299,182
5300,245
5301,206
5302,90
5303,189
5304,138
5305,217
5306,229
5307,203
5308,209
5309,261
5310,11
5311,268
5312,145
5313,49
5314,336
5315,34
5316,131
5317,32
5318,45
5319,97
5320,346
5321,128
5322,80
5323,74
5324,33
5325,233
5326,202
5327,227
5328,209
5329,211
5330,260
5331,28
5332,35
5333,235
5334,92
5335,242
5336,99
5337,277
5338,239
5339,297
5340,6
5341,171
5342,167
5343,287
5344,8
5345,205
5346,63
5347,302
5348,331
5349,168
5350,315
5351,177
5352,19
5353,119
5354,299
5355,117
5356,219
5357,312
5358,122
5359,160
5360,78
5361,187
5362,293
5363,330
5364,260
5365,281
5366,223
5367,232
5368,260
5369,287
5370,322
5371,175
5372,173
5373,83
5374,130
5375,310
5376,236
5377,8
5378,54
5379,156
5380,2
5381,162
5382,116
5383,73
5384,107
5385,356
5386,190
5387,7
5388,349
5389,355
5390,356
5391,13
5392,351
5393,330
5394,234
5395,130
5396,341
5397,11
5398,315
5399,176
5400,287
5401,306
5402,17
5403,352
5404,144
5405,94
5406,254
5407,245
5408,203
5409,42
5410,335
5411,92
5412,323
5413,341
5414,288
5415,232
5416,214
5417,40
5418,140
5419,191
5420,162
5421,44
5422,267
5423,339
5424,301
5425,112
5426,51
5427,154
5428,272
5429,138
5430,154
5431,55
5432,14
5433,95
5434,297
5435,328
5436,63
5437,127
5438,46
5439,308
5440,155
5441,146
5442,46
5443,51
5444,36
5445,288
5446,340
5447,152
5448,298
5449,13
5450,88
5451,83
5452,5
5453,179
5454,16
5455,326
5456,211
5457,289
5458,291
5459,298
5460,139
5461,86
5462,312
5463,208
5464,22
5465,234
5466,260
5467,322
5468,288
5469,346
5470,226
5471,22
5472,167
5473,330
5474,208
5475,312
5476,213
5477,17
5478,281
5479,195
5480,144
5481,324
5482,93
5483,243
5484,176
5485,110
5486,148
5487,293
5488,5
5489,173
5490,333
5491,285
5492,174
5493,101
5494,229
5495,94
5496,67
5497,301
5498,178
5499,23
5500,331
5501,310
5502,134
5503,288
5504,99
5505,315
5506,221
5507,64
5508,183
5509,63
5510,224
5511,240
5512,314
5513,342
5514,167
5515,108
5516,314
5517,78
5518,325
5519,166
5520,183
5521,233
5522,226
5523,205
5524,8
5525,329
5526,168
5527,77
5528,89
5529,333
5530,105
5531,243
5532,343
5533,208
5534,142
5535,96
5536,135
5537,64
5538,79
5539,349
5540,193
5541,345
5542,3
5543,32
5544,321
5545,117
5546,220
5547,347
5548,300
5549,93
5550,3
5551,218
5552,77
5553,10
5554,142
5555,56
5556,209
5557,129
5558,323
5559,190
5560,231
5561,159
5562,289
5563,175
5564,39
5565,229
5566,329
5567,94
5568,44
5569,36
5570,188
5571,209
5572,23
5573,138
5574,336
5575,38
5576,97
5577,3
5578,318
5579,120
5580,322
5581,357
5582,299
5583,86
5584,118
5585,21
5586,184
5587,150
5588,150
5589,188
5590,318
5591,212
5592,316
5593,15
5594,133
5595,242
5596,294
5597,158
5598,163
5599,204
5600,316
5601,124
5602,32
5603,248
5604,106
5605,177
5606,341
5607,287
5608,247
5609,285
5610,77
5611,188
5612,288
5613,194
5614,5
5615,215
5616,45
5617,216
5618,242
5619,170
5620,121
5621,245
5622,127
5623,224
5624,267
5625,80
5626,355
5627,168
5628,97
5629,227
5630,19
5631,39
5632,51
5633,313
5634,234
5635,7
5636,171
5637,176
5638,50
5639,235
5640,292
5641,239
5642,287
5643,1
5644,273
5645,297
5646,263
5647,357
5648,244
5649,194
5650,85
5651,137
5652,202
5653,360
5654,231
5655,212
5656,164
5657,6
5658,65
5659,296
5660,298
5661,269
5662,213
5663,222
5664,25
5665,201
5666,13
5667,278
5668,165
5669,324
5670,23
5671,342
5672,119
5673,16
5674,264
5675,248
5676,127
5677,82
5678,311
5679,143
5680,227
5681,72
5682,99
5683,213
5684,132
5685,357
5686,55
5687,328
5688,197
5689,91
5690,210
5691,170
5692,281
5693,234
5694,64
5695,178
5696,208
5697,106
5698,338
5699,295
5700,292
5701,230
5702,40
5703,110
5704,197
5705,178
5706,241
5707,194
5708,239
5709,103
5710,157
5711,42
5712,287
5713,86
5714,173
5715,180
5716,327
5717,321
5718,207
5719,194
5720,253
5721,161
5722,262
5723,61
5724,52
5725,57
5726,333
5727,335
5728,302
5729,247
5730,83
5731,305
5732,242
5733,4
5734,333
5735,217
5736,179
5737,177
5738,115
5739,149
5740,212
5741,234
5742,215
5743,181
5744,359
5745,220
5746,53
5747,205
5748,24
5749,131
5750,100
5751,108
5752,221
5753,343
5754,322
5755,81
5756,204
5757,123
5758,122
5759,52
5760,195
5761,208
5762,80
5763,34
5764,306
5765,15
5766,198
5767,23
5768,61
5769,313
5770,82
5771,5
5772,189
5773,219
5774,90
5775,106
5776,287
5777,336
5778,302
5779,283
5780,37
5781,172
5782,215
5783,155
5784,202
5785,253
5786,351
5787,250
5788,43
5789,148
5790,270
5791,202
5792,172
5793,274
5794,213
5795,121
5796,301
5797,176
5798,240
5799,117
5800,353
5801,281
5802,317
5803,134
5804,31
5805,134
5806,263
5807,40
5808,83
5809,189
5810,173
5811,135
5812,35
5813,218
5814,84
5815,30
5816,77
5817,244
5818,113
5819,267
5820,23
5821,227
5822,102
5823,342
5824,118
5825,139
5826,48
5827,117
5828,320
5829,83
5830,18
5831,263
5832,79
5833,8
5834,297
5835,294
5836,195
5837,264
5838,5
5839,305
5840,279
5841,142
5842,339
5843,316
5844,83
5845,106
5846,307
5847,254
5848,126
5849,76
5850,264
5851,252
5852,133
5853,249
5854,228
5855,205
5856,318
5857,213
5858,16
5859,195
5860,343
5861,333
5862,210
5863,157
5864,349
5865,85
5866,226
5867,242
5868,342
5869,54
5870,155
5871,42
5872,219
5873,221
5874,166
5875,43
5876,56
5877,70
5878,130
5879,36
5880,75
5881,217
5882,350
5883,342
5884,317
5885,274
5886,109
5887,231
5888,40
5889,236
5890,139
5891,194
5892,57
5893,203
5894,23
5895,289
5896,51
5897,145
5898,338
5899,192
5900,205
5901,306
5902,188
5903,356
5904,60
5905,313
5906,40
5907,287
5908,283
5909,266
5910,236
5911,30
5912,49
5913,188
5914,261
5915,275
5916,43
5917,70
5918,245
5919,316
5920,57
5921,8
5922,30
5923,63
5924,244
5925,212
5926,291
5927,95
5928,39
5929,325
5930,231
5931,127
5932,247
5933,338
5934,114
5935,327
5936,59
5937,160
5938,168
5939,130
5940,27
5941,86
5942,123
5943,234
5944,86
5945,24
5946,29
5947,359
5948,21
5949,111
5950,12
5951,2
5952,214
5953,299
5954,224
5955,47
5956,137
5957,118
5958,335
5959,259
5960,115
5961,141
5962,127
5963,87
5964,233
5965,267
5966,212
5967,63
5968,212
5969,98
5970,328
5971,321
5972,48
5973,121
5974,55
5975,329
5976,231
5977,208
5978,185
5979,189
5980,107
5981,241
5982,8
5983,178
5984,18
5985,163
5986,323
5987,279
5988,56
5989,351
5990,21
5991,334
5992,302
5993,285
5994,255
5995,35
5996,321
5997,319
5998,169
5999,297
6000,150
6001,164
6002,43
6003,290
6004,344
6005,175
6006,306
6007,99
6008,186
6009,173
6010,356
6011,68
6012,190
6013,296
6014,261
6015,177
6016,51
6017,50
6018,27
6019,129
6020,335
6021,346
6022,54
6023,76
6024,111
6025,351
6026,310
6027,328
6028,355
6029,306
6030,153
6031,74
6032,229
6033,240
6034,334
6035,164
6036,139
6037,284
6038,97
6039,20
6040,262
6041,104
6042,155
6043,236
6044,276
6045,144
6046,57
6047,267
6048,125
6049,89
6050,103
6051,232
6052,65
6053,60
6054,103
6055,217
6056,95
6057,132
6058,294
6059,234
6060,219
6061,135
6062,9
6063,44
6064,147
6065,192
6066,11
6067,146
6068,239
6069,295
6070,163
6071,281
6072,261
6073,141
6074,242
6075,86
6076,287
6077,329
6078,40
6079,165
6080,1
6081,177
6082,161
6083,15
6084,154
6085,350
6086,141
6087,329
6088,1
6089,278
6090,342
6091,85
6092,291
6093,308
6094,227
6095,97
6096,145
6097,137
6098,203
6099,12
6100,277
6101,341
6102,24
6103,352
6104,253
6105,337
6106,178
6107,151
6108,62
6109,257
6110,237
6111,128
6112,114
6113,352
6114,141
6115,279
6116,237
6117,282
6118,116
6119,344
6120,50
6121,309
6122,15
6123,44
6124,70
6125,233
6126,277
6127,261
6128,297
6129,94
6130,334
6131,295
6132,126
6133,140
6134,202
6135,4
6136,66
6137,218
6138,289
6139,99
6140,251
6141,126
6142,73
6143,4
6144,199
6145,90
6146,191
6147,51
6148,91
6149,310
6150,72
6151,139
6152,203
6153,185
6154,33
6155,9
6156,260
6157,3
6158,173
6159,206
6160,30
6161,254
6162,283
6163,301
6164,350
6165,271
6166,319
6167,126
6168,40
6169,302
6170,255
6171,331
6172,288
6173,184
6174,261
6175,24
6176,193
6177,90
6178,283
6179,206
6180,121
6181,204
6182,157
6183,353
6184,25
6185,11
6186,309
6187,135
6188,230
6189,6
6190,112
6191,223
6192,15
6193,329
6194,59
6195,91
6196,133
6197,26
6198,262
6199,326
6200,73
6201,287
6202,255
6203,34
6204,64
6205,174
6206,76
6207,19
6208,133
6209,287
6210,267
6211,212
6212,279
6213,273
6214,111
6215,228
6216,257
6217,266
6218,145
6219,261
6220,118
6221,175
6222,178
6223,200
6224,295
6225,112
6226,19
6227,288
6228,242
6229,312
6230,219
6231,277
6232,96
6233,348
6234,154
6235,209
6236,106
6237,33
6238,44
6239,307
6240,105
6241,178
6242,105
6243,155
6244,317
6245,92
6246,67
6247,22
6248,143
6249,86
6250,211
6251,230
6252,257
6253,45
6254,123
6255,20
6256,8
6257,211
6258,21
6259,136
6260,307
6261,321
6262,160
6263,89
6264,43
6265,76
6266,309
6267,31
6268,287
6269,177
6270,128
6271,177
6272,50
6273,186
6274,20
6275,217
6276,117
6277,54
6278,16
6279,152
6280,96
6281,297
6282,12
6283,244
6284,144
6285,118
6286,111
6287,118
6288,100
6289,205
6290,341
6291,127
6292,272
6293,177
6294,159
6295,345
6296,153
6297,350
6298,27
6299,212
6300,44
6301,107
6302,339
6303,252
6304,113
6305,93
6306,160
6307,44
6308,214
6309,292
6310,113
6311,100
6312,135
6313,295
6314,340
6315,45
6316,216
6317,54
6318,206
6319,161
6320,163
6321,204
6322,37
6323,140
6324,70
6325,108
6326,2
6327,136
6328,9
6329,151
6330,21
6331,195
6332,62
6333,92
6334,249
6335,85
6336,49
6337,279
6338,106
6339,320
6340,65
6341,120
6342,359
6343,192
6344,71
6345,339
6346,115
6347,9
6348,282
6349,1
6350,51
6351,344
6352,153
6353,173
6354,60
6355,83
6356,61
6357,47
6358,311
6359,15
6360,278
6361,40
6362,41
6363,94
6364,58
6365,143
6366,3
6367,6
6368,69
6369,198
6370,294
6371,46
6372,77
6373,246
6374,27
6375,182
6376,27
6377,331
6378,255
6379,287
6380,272
6381,127
6382,235
6383,324
6384,177
6385,41
6386,323
6387,262
6388,207
6389,150
6390,218
6391,223
6392,342
6393,73
6394,293
6395,310
6396,151
6397,177
6398,354
6399,320
6400,179
6401,353
6402,25
6403,225
6404,102
6405,355
6406,283
6407,313
6408,34
6409,15
6410,317
6411,277
6412,101
6413,6
6414,309
6415,319
6416,264
6417,122
6418,122
6419,188
6420,85
6421,210
6422,72
6423,191
6424,260
6425,172
6426,85
6427,71
6428,130
6429,38
6430,144
6431,249
6432,342
6433,309
6434,236
6435,116
6436,213
6437,187
6438,98
6439,320
6440,306
6441,51
6442,65
6443,38
6444,159
6445,152
6446,217
6447,294
6448,169
6449,2
6450,263
6451,114
6452,117
6453,128
6454,281
6455,326
6456,160
6457,41
6458,44
6459,162
6460,200
6461,211
6462,167
6463,48
6464,80
6465,66
6466,159
6467,117
6468,103
6469,351
6470,54
6471,287
6472,21
6473,81
6474,111
6475,225
6476,135
6477,252
6478,103
6479,357
6480,325
6481,201
6482,336
6483,252
6484,66
6485,6
6486,2
6487,164
6488,232
6489,140
6490,345
6491,220
6492,296
6493,201
6494,83
6495,30
6496,36
6497,215
6498,145
6499,294
6500,240
6501,343
6502,207
6503,275
6504,139
6505,151
6506,5
6507,88
6508,293
6509,67
6510,336
6511,300
6512,148
6513,104
6514,262
6515,7
6516,304
6517,65
6518,12
6519,86
6520,147
6521,321
6522,160
6523,95
6524,167
6525,132
6526,126
6527,119
6528,305
6529,112
6530,322
6531,358
6532,61
6533,158
6534,299
6535,252
6536,93
6537,346
6538,19
6539,263
6540,327
6541,186
6542,278
6543,176
6544,37
6545,205
6546,41
6547,291
6548,234
6549,311
6550,299
6551,134
6552,181
6553,29
6554,31
6555,43
6556,340
6557,321
6558,346
6559,68
6560,342
6561,273
6562,71
6563,287
6564,242
6565,269
6566,219
6567,209
6568,219
6569,34
6570,310
6571,341
6572,209
6573,177
6574,20
6575,47
6576,45
6577,297
6578,84
6579,186
6580,308
6581,166
6582,298
6583,355
6584,254
6585,96
6586,250
6587,221
6588,207
6589,208
6590,321
6591,324
6592,28
6593,330
6594,85
6595,21
6596,247
6597,252
6598,164
6599,223
6600,342
6601,136
6602,109
6603,217
6604,200
6605,139
6606,124
6607,199
6608,65
6609,351
6610,275
6611,268
6612,330
6613,357
6614,231
6615,196
6616,294
6617,303
6618,213
6619,87
6620,285
6621,48
6622,346
6623,241
6624,333
6625,218
6626,53
6627,39
6628,80
6629,39
6630,30
6631,138
6632,123
6633,247
6634,86
6635,277
6636,205
6637,239
6638,157
6639,315
6640,7
6641,188
6642,7
6643,311
6644,141
6645,74
6646,320
6647,277
6648,210
6649,150
6650,344
6651,21
6652,204
6653,357
6654,144
6655,242
6656,117
6657,46
6658,252
6659,104
6660,98
6661,291
6662,177
6663,137
6664,208
6665,26
6666,29
6667,165
6668,355
6669,6
6670,9
6671,285
6672,163
6673,38
6674,190
6675,222
6676,43
6677,153
6678,216
6679,58
6680,171
6681,2
6682,115
6683,109
6684,166
6685,135
6686,204
6687,317
6688,218
6689,135
6690,223
6691,249
6692,314
6693,302
6694,124
6695,198
6696,143
6697,29
6698,294
6699,243
6700,96
6701,351
6702,16
6703,154
6704,32
6705,123
6706,247
6707,2
6708,13
6709,95
6710,336
6711,128
6712,157
6713,315
6714,176
6715,316
6716,225
6717,44
6718,5
6719,20
6720,126
6721,19
6722,200
6723,258
6724,272
6725,151
6726,233
6727,359
6728,21
6729,231
6730,300
6731,111
6732,199
6733,278
6734,251
6735,68
6736,163
6737,108
6738,3
6739,270
6740,283
6741,228
6742,144
6743,78
6744,81
6745,219
6746,66
6747,48
6748,269
6749,358
6750,244
6751,164
6752,178
6753,224
6754,343
6755,241
6756,153
6757,347
6758,252
6759,128
6760,195
6761,7
6762,156
6763,277
6764,94
6765,54
6766,178
6767,299
6768,111
6769,319
6770,322
6771,224
6772,72
6773,51
6774,329
6775,62
6776,199
6777,136
6778,79
6779,97
6780,57
6781,34
6782,270
6783,352
6784,300
6785,73
6786,328
6787,2
6788,44
6789,345
6790,358
6791,157
6792,211
6793,117
6794,95
6795,121
6796,343
6797,269
6798,290
6799,133
6800,237
6801,105
6802,237
6803,153
6804,80
6805,293
6806,41
6807,263
6808,285
6809,274
6810,353
6811,318
6812,140
6813,315
6814,330
6815,288
6816,310
6817,154
6818,53
6819,232
6820,36
6821,233
6822,29
6823,219
6824,45
6825,29
6826,17
6827,124
6828,56
6829,105
6830,267
6831,253
6832,114
6833,136
6834,119
6835,36
6836,126
6837,86
6838,14
6839,138
6840,44
6841,279
6842,62
6843,279
6844,286
6845,287
6846,136
6847,4
6848,7
6849,54
6850,196
6851,289
6852,177
6853,264
6854,134
6855,350
6856,235
6857,184
6858,319
6859,157
6860,174
6861,122
6862,85
6863,197
6864,130
6865,123
6866,216
6867,263
6868,129
6869,16
6870,75
6871,315
6872,260
6873,239
6874,282
6875,155
6876,282
6877,178
6878,76
6879,29
6880,267
6881,43
6882,124
6883,30
6884,269
6885,120
6886,118
6887,74
6888,312
6889,163
6890,74
6891,351
6892,102
6893,162
6894,335
6895,317
6896,177
6897,199
6898,41
6899,98
6900,307
6901,204
6902,25
6903,136
6904,214
6905,285
6906,142
6907,213
6908,100
6909,205
6910,222
6911,58
6912,294
6913,29
6914,161
6915,134
6916,272
6917,296
6918,273
6919,36
6920,276
6921,287
6922,327
6923,71
6924,52
6925,302
6926,2
6927,318
6928,98
6929,85
6930,161
6931,308
6932,80
6933,144
6934,271
6935,299
6936,127
6937,223
6938,318
6939,332
6940,139
6941,344
6942,227
6943,45
6944,55
6945,286
6946,281
6947,311
6948,358
6949,329
6950,210
6951,66
6952,72
6953,210
6954,215
6955,278
6956,353
6957,240
6958,70
6959,147
6960,243
6961,74
6962,202
6963,351
6964,300
6965,346
6966,129
6967,336
6968,123
6969,358
6970,18
6971,126
6972,135
6973,63
6974,160
6975,257
6976,128
6977,344
6978,178
6979,102
6980,214
6981,179
6982,278
6983,69
6984,73
6985,228
6986,223
6987,147
6988,161
6989,227
6990,163
6991,333
6992,61
6993,153
6994,205
6995,312
6996,118
6997,93
6998,82
6999,325
7000,285
7001,205
7002,246
7003,144
7004,342
7005,46
7006,110
7007,234
7008,254
7009,204
7010,197
7011,179
7012,85
7013,34
7014,274
7015,266
7016,115
7017,322
7018,235
7019,144
7020,42
7021,231
7022,353
7023,358
7024,84
7025,191
7026,356
7027,174
7028,15
7029,41
7030,309
7031,309
7032,219
7033,55
7034,179
7035,41
7036,296
7037,150
7038,253
7039,189
7040,356
7041,211
7042,34
7043,167
7044,157
7045,107
7046,238
7047,103
7048,160
7049,128
7050,259
7051,359
7052,236
7053,337
7054,167
7055,59
7056,114
7057,81
7058,91
7059,357
7060,233
7061,167
7062,53
7063,243
7064,118
7065,195
7066,58
7067,235
7068,349
7069,115
7070,97
7071,140
7072,88
7073,47
7074,27
7075,126
7076,31
7077,2
7078,71
7079,284
7080,261
7081,192
7082,135
7083,284
7084,25
7085,137
7086,68
7087,229
7088,164
7089,99
7090,85
7091,55
7092,355
7093,171
7094,76
7095,206
7096,213
7097,216
7098,218
7099,284
7100,213
7101,308
7102,132
7103,187
7104,117
7105,4
7106,118
7107,24
7108,158
7109,84
7110,318
7111,128
7112,117
7113,213
7114,266
7115,174
7116,239
7117,234
7118,193
7119,247
7120,193
7121,11
7122,323
7123,189
7124,53
7125,264
7126,283
7127,6
7128,229
7129,213
7130,282
7131,354
7132,295
7133,330
7134,265
7135,49
7136,202
7137,176
7138,154
7139,113
7140,199
7141,85
7142,139
7143,4
7144,107
7145,136
7146,143
7147,164
7148,340
7149,25
7150,184
7151,107
7152,344
7153,291
7154,278
7155,321
7156,162
7157,79
7158,335
7159,293
7160,338
7161,248
7162,226
7163,277
7164,67
7165,29
7166,116
7167,149
7168,241
7169,228
7170,5
7171,28
7172,281
7173,348
7174,21
7175,14
7176,25
7177,188
7178,83
7179,149
7180,95
7181,19
7182,354
7183,276
7184,131
7185,161
7186,144
7187,60
7188,295
7189,123
7190,200
7191,145
7192,317
7193,337
7194,282
7195,256
7196,104
7197,6
7198,261
7199,111
7200,21
7201,109
7202,190
7203,212
7204,167
7205,66
7206,25
7207,83
7208,126
7209,68
7210,77
7211,82
7212,220
7213,337
7214,213
7215,36
7216,138
7217,304
7218,132
7219,291
7220,136
7221,104
7222,288
7223,341
7224,309
7225,260
7226,144
7227,181
7228,137
7229,273
7230,268
7231,179
7232,247
7233,105
7234,355
7235,79
7236,193
7237,239
7238,287
7239,142
7240,50
7241,224
7242,37
7243,202
7244,209
7245,161
7246,100
7247,139
7248,326
7249,165
7250,344
7251,338
7252,123
7253,17
7254,121
7255,221
7256,65
7257,300
7258,306
7259,220
7260,109
7261,287
7262,303
7263,249
7264,133
7265,262
7266,64
7267,347
7268,111
7269,238
7270,41
7271,137
7272,96
7273,38
7274,181
7275,174
7276,81
7277,304
7278,268
7279,288
7280,107
7281,127
7282,169
7283,156
7284,248
7285,34
7286,228
7287,250
7288,181
7289,65
7290,274
7291,313
7292,272
7293,155
7294,246
7295,273
7296,74
7297,133
7298,334
7299,139
7300,50
7301,310
7302,320
7303,19
7304,246
7305,41
7306,8
7307,128
7308,135
7309,11
7310,348
7311,214
7312,159
7313,10
7314,348
7315,258
7316,83
7317,267
7318,5
7319,82
7320,199
7321,314
7322,2
7323,174
7324,217
7325,65
7326,10
7327,320
7328,246
7329,139
7330,323
7331,265
7332,134
7333,324
7334,127
7335,140
7336,264
7337,19
7338,283
7339,101
7340,28
7341,107
7342,238
7343,310
7344,151
7345,31
7346,82
7347,195
7348,7
7349,285
7350,196
7351,137
7352,313
7353,325
7354,35
7355,137
7356,44
7357,93
7358,337
7359,9
7360,279
7361,173
7362,110
7363,225
7364,134
7365,218
7366,336
7367,160
7368,304
7369,282
7370,37
7371,91
7372,224
7373,231
7374,146
7375,317
7376,316
7377,121
7378,199
7379,161
7380,72
7381,84
7382,81
7383,208
7384,346
7385,188
7386,221
7387,102
7388,246
7389,242
7390,275
7391,140
7392,191
7393,172
7394,337
7395,123
7396,321
7397,263
7398,122
7399,287
7400,239
7401,237
7402,195
7403,317
7404,172
7405,48
7406,290
7407,348
7408,218
7409,331
7410,138
7411,301
7412,109
7413,165
7414,321
7415,297
7416,241
7417,356
7418,111
7419,88
7420,79
7421,59
7422,13
7423,106
7424,222
7425,212
7426,48
7427,58
7428,222
7429,112
7430,187
7431,228
7432,113
7433,121
7434,240
7435,176
7436,118
7437,322
7438,93
7439,217
7440,58
7441,17
7442,337
7443,72
7444,65
7445,192
7446,26
7447,102
7448,152
7449,151
7450,119
7451,58
7452,104
7453,114
7454,222
7455,208
7456,244
7457,108
7458,91
7459,243
7460,116
7461,159
7462,208
7463,332
7464,238
7465,297
7466,234
7467,207
7468,89
7469,223
7470,331
7471,306
7472,338
7473,158
7474,213
7475,2
7476,91
7477,33
7478,256
7479,11
7480,34
7481,71
7482,53
7483,215
7484,61
7485,159
7486,24
7487,162
7488,253
7489,141
7490,290
7491,104
7492,279
7493,104
7494,265
7495,80
7496,87
7497,356
7498,294
7499,166
7500,54
7501,66
7502,140
7503,96
7504,339
7505,112
7506,253
7507,131
7508,143
7509,232
7510,107
7511,41
7512,162
7513,105
7514,235
7515,306
7516,337
7517,179
7518,229
7519,252
7520,224
7521,76
7522,344
7523,230
7524,290
7525,39
7526,247
7527,5
7528,144
7529,159
7530,37
7531,8
7532,306
7533,6
7534,97
7535,88
7536,352
7537,55
7538,187
7539,86
7540,69
7541,222
7542,164
7543,72
7544,353
7545,244
7546,61
7547,174
7548,186
7549,207
7550,74
7551,107
7552,140
7553,171
7554,136
7555,269
7556,182
7557,360
7558,191
7559,158
7560,295
7561,180
7562,112
7563,252
7564,165
7565,54
7566,77
7567,300
7568,91
7569,173
7570,180
7571,90
7572,286
7573,246
7574,11
7575,360
7576,109
7577,359
7578,26
7579,283
7580,109
7581,172
7582,12
7583,154
7584,348
7585,52
7586,318
7587,1
7588,164
7589,18
7590,213
7591,235
7592,142
7593,358
7594,244
7595,238
7596,147
7597,118
7598,75
7599,256
7600,114
7601,338
7602,61
7603,293
7604,263
7605,176
7606,224
7607,11
7608,358
7609,82
7610,16
7611,18
7612,133
7613,163
7614,92
7615,16
7616,223
7617,358
7618,11
7619,296
7620,278
7621,289
7622,286
7623,134
7624,42
7625,65
7626,237
7627,289
7628,318
7629,96
7630,302
7631,139
7632,228
7633,126
7634,193
7635,46
7636,126
7637,340
7638,263
7639,307
7640,351
7641,246
7642,349
7643,301
7644,209
7645,258
7646,49
7647,344
7648,286
7649,342
7650,277
7651,52
7652,332
7653,152
7654,96
7655,268
7656,154
7657,127
7658,147
7659,344
7660,108
7661,252
7662,91
7663,116
7664,358
7665,296
7666,353
7667,285
7668,359
7669,15
7670,302
7671,9
7672,308
7673,14
7674,58
7675,274
7676,240
7677,297
7678,298
7679,333
7680,108
7681,277
7682,2
7683,278
7684,188
7685,85
7686,114
7687,149
7688,193
7689,233
7690,265
7691,280
7692,239
7693,192
7694,295
7695,212
7696,27
7697,349
7698,272
7699,1
7700,279
7701,39
7702,63
7703,229
7704,317
7705,341
7706,356
7707,1
7708,41
7709,311
7710,280
7711,347
7712,196
7713,235
7714,77
7715,127
7716,184
7717,82
7718,99
7719,77
7720,208
7721,149
7722,5
7723,24
7724,132
7725,157
7726,42
7727,172
7728,260
7729,30
7730,57
7731,348
7732,309
7733,215
7734,233
7735,75
7736,68
7737,78
7738,125
7739,268
7740,123
7741,24
7742,263
7743,244
7744,9
7745,258
7746,335
7747,18
7748,311
7749,238
7750,162
7751,294
7752,90
7753,31
7754,142
7755,67
7756,149
7757,221
7758,113
7759,360
7760,16
7761,349
7762,217
7763,314
7764,322
7765,307
7766,49
7767,91
7768,173
7769,275
7770,148
7771,188
7772,38
7773,242
7774,11
7775,147
7776,129
7777,259
7778,335
7779,92
7780,273
7781,188
7782,169
7783,50
7784,10
7785,105
7786,27
7787,199
7788,251
7789,206
7790,31
7791,42
7792,109
7793,95
7794,172
7795,31
7796,334
7797,103
7798,193
7799,139
7800,238
7801,34
7802,95
7803,6
7804,120
7805,77
7806,52
7807,303
7808,348
7809,342
7810,79
7811,130
7812,146
7813,42
7814,210
7815,126
7816,78
7817,125
7818,272
7819,164
7820,36
7821,211
7822,108
7823,197
7824,73
7825,87
7826,8
7827,49
7828,176
7829,138
7830,296
7831,60
7832,140
7833,326
7834,3
7835,214
7836,312
7837,301
7838,294
7839,270
7840,241
7841,116
7842,355
7843,27
7844,102
7845,290
7846,14
7847,284
7848,56
7849,12
7850,216
7851,243
7852,13
7853,235
7854,72
7855,110
7856,122
7857,119
7858,76
7859,245
7860,169
7861,38
7862,141
7863,93
7864,152
7865,226
7866,268
7867,62
7868,179
7869,255
7870,152
7871,351
7872,149
7873,175
7874,238
7875,5
7876,328
7877,335
7878,279
7879,324
7880,289
7881,236
7882,125
7883,168
7884,73
7885,86
7886,335
7887,215
7888,228
7889,76
7890,73
7891,59
7892,306
7893,256
7894,257
7895,82
7896,269
7897,145
7898,325
7899,328
7900,87
7901,202
7902,246
7903,30
7904,198
7905,172
7906,348
7907,72
7908,297
7909,76
7910,276
7911,81
7912,280
7913,86
7914,199
7915,211
7916,97
7917,50
7918,13
7919,251
7920,35
7921,270
7922,186
7923,264
7924,269
7925,23
7926,19
7927,317
7928,74
7929,253
7930,359
7931,146
7932,88
7933,358
7934,12
7935,303
7936,199
7937,208
7938,130
7939,26
7940,214
7941,42
7942,183
7943,250
7944,83
7945,148
7946,132
7947,90
7948,70
7949,163
7950,251
7951,188
7952,16
7953,28
7954,214
7955,356
7956,188
7957,16
7958,354
7959,339
7960,23
7961,332
7962,248
7963,36
7964,80
7965,123
7966,77
7967,266
7968,151
7969,178
7970,277
7971,138
7972,316
7973,1
7974,265
7975,131
7976,108
7977,212
7978,153
7979,46
7980,145
7981,234
7982,256
7983,231
7984,59
7985,354
7986,23
7987,67
7988,279
7989,354
7990,264
7991,332
7992,203
7993,79
7994,182
7995,225
7996,215
7997,263
7998,265
7999,141
8000,263
8001,297
8002,32
8003,86
8004,276
8005,38
8006,48
8007,45
8008,352
8009,245
8010,163
8011,213
8012,84
8013,35
8014,349
8015,290
8016,28
8017,154
8018,64
8019,240
8020,235
8021,48
8022,126
8023,176
8024,96
8025,186
8026,134
8027,129
8028,300
8029,21
8030,247
8031,12
8032,323
8033,50
8034,258
8035,298
8036,155
8037,93
8038,19
8039,11
8040,336
8041,360
8042,269
8043,15
8044,107
8045,235
8046,104
8047,100
8048,162
8049,83
8050,224
8051,148
8052,21
8053,254
8054,89
8055,284
8056,346
8057,97
8058,50
8059,7
8060,318
8061,335
8062,309
8063,318
8064,157
8065,254
8066,204
8067,28
8068,170
8069,89
8070,151
8071,334
8072,91
8073,72
8074,93
8075,300
8076,231
8077,197
8078,44
8079,279
8080,193
8081,130
8082,342
8083,282
8084,73
8085,174
8086,348
8087,184
8088,76
8089,327
8090,10
8091,144
8092,119
8093,33
8094,48
8095,167
8096,234
8097,43
8098,28
8099,264
8100,219
8101,93
8102,290
8103,78
8104,79
8105,268
8106,304
8107,219
8108,140
8109,116
8110,152
8111,294
8112,67
8113,174
8114,148
8115,197
8116,9
8117,333
8118,243
8119,1
8120,143
8121,76
8122,221
8123,149
8124,94
8125,317
8126,254
8127,113
8128,161
8129,75
8130,93
8131,251
8132,222
8133,307
8134,359
8135,100
8136,237
8137,308
8138,226
8139,270
8140,30
8141,138
8142,292
8143,299
8144,309
8145,235
8146,283
8147,302
8148,27
8149,11
8150,20
8151,312
8152,276
8153,66
8154,91
8155,64
8156,155
8157,31
8158,158
8159,266
8160,202
8161,28
8162,229
8163,173
8164,16
8165,247
8166,328
8167,266
8168,130
8169,45
8170,270
8171,127
8172,167
8173,208
8174,207
8175,64
8176,336
8177,65
8178,4
8179,336
8180,150
8181,321
8182,53
8183,256
8184,190
8185,149
8186,27
8187,63
8188,232
8189,337
8190,9
8191,251
8192,193
8193,242
8194,324
8195,175
8196,302
8197,205
8198,305
8199,10
8200,202
8201,141
8202,176
8203,303
8204,222
8205,188
8206,78
8207,266
8208,106
8209,245
8210,161
8211,105
8212,289
8213,1
8214,43
8215,144
8216,263
8217,146
8218,221
8219,307
8220,120
8221,303
8222,256
8223,299
8224,152
8225,32
8226,46
8227,157
8228,187
8229,355
8230,262
8231,134
8232,21
8233,114
8234,317
8235,281
8236,225
8237,241
8238,124
8239,110
8240,357
8241,354
8242,148
8243,160
8244,112
8245,224
8246,10
8247,128
8248,220
8249,51
8250,34
8251,96
8252,61
8253,120
8254,203
8255,89
8256,29
8257,77
8258,58
8259,298
8260,80
8261,117
8262,284
8263,94
8264,18
8265,70
8266,81
8267,166
8268,211
8269,103
8270,173
8271,118
8272,317
8273,211
8274,113
8275,37
8276,319
8277,183
8278,66
8279,237
8280,6
8281,12
8282,304
8283,133
8284,77
8285,208
8286,146
8287,56
8288,14
8289,8
8290,307
8291,335
8292,78
8293,213
8294,125
8295,301
8296,140
8297,208
8298,329
8299,67
8300,353
8301,294
8302,217
8303,211
8304,155
8305,122
8306,132
8307,145
8308,251
8309,236
8310,160
8311,354
8312,32
8313,51
8314,85
8315,337
8316,148
8317,68
8318,355
8319,107
8320,196
8321,70
8322,299
8323,304
8324,115
8325,341
8326,312
8327,257
8328,55
8329,302
8330,163
8331,230
8332,265
8333,279
8334,58
8335,344
8336,351
8337,199
8338,211
8339,160
8340,207
8341,302
8342,313
8343,146
8344,233
8345,243
8346,268
8347,127
8348,122
8349,118
8350,341
8351,21
8352,27
8353,162
8354,240
8355,103
8356,80
8357,345
8358,68
8359,298
8360,353
8361,300
8362,327
8363,324
8364,139
8365,141
8366,216
8367,199
8368,288
8369,233
8370,91
8371,313
8372,225
8373,160
8374,30
8375,215
8376,107
8377,277
8378,78
8379,214
8380,32
8381,263
8382,345
8383,47
8384,216
8385,32
8386,72
8387,312
8388,228
8389,205
8390,72
8391,324
8392,259
8393,310
8394,135
8395,69
8396,303
8397,156
8398,208
8399,233
8400,17
8401,300
8402,34
8403,359
8404,339
8405,201
8406,257
8407,343
8408,143
8409,42
8410,117
8411,360
8412,249
8413,260
8414,290
8415,232
8416,186
8417,87
8418,257
8419,243
8420,191
8421,252
8422,249
8423,281
8424,320
8425,261
8426,242
8427,13
8428,196
8429,340
8430,360
8431,150
8432,25
8433,187
8434,328
8435,53
8436,165
8437,296
8438,350
8439,219
8440,291
8441,44
8442,71
8443,305
8444,165
8445,198
8446,165
8447,328
8448,7
8449,142
8450,206
8451,146
8452,320
8453,147
8454,139
8455,26
8456,16
8457,300
8458,92
8459,83
8460,140
8461,38
8462,286
8463,221
8464,105
8465,311
8466,99
8467,209
8468,356
8469,39
8470,158
8471,38
8472,206
8473,191
8474,151
8475,239
8476,262
8477,88
8478,305
8479,61
8480,348
8481,225
8482,53
8483,101
8484,277
8485,274
8486,55
8487,13
8488,25
8489,90
8490,36
8491,240
8492,89
8493,277
8494,23
8495,141
8496,224
8497,99
8498,295
8499,259
8500,331
8501,210
8502,282
8503,82
8504,355
8505,20
8506,182
8507,312
8508,223
8509,321
8510,234
8511,325
8512,77
8513,353
8514,300
8515,121
8516,349
8517,188
8518,291
8519,305
8520,15
8521,348
8522,272
8523,272
8524,346
8525,91
8526,78
8527,138
8528,268
8529,130
8530,161
8531,239
8532,77
8533,296
8534,218
8535,43
8536,344
8537,50
8538,287
8539,97
8540,284
8541,294
8542,186
8543,284
8544,141
8545,233
8546,271
8547,17
8548,263
8549,203
8550,152
8551,325
8552,220
8553,284
8554,340
8555,145
8556,321
8557,26
8558,19
8559,52
8560,12
8561,170
8562,186
8563,91
8564,212
8565,233
8566,165
8567,360
8568,196
8569,195
8570,13
8571,148
8572,176
8573,299
8574,305
8575,57
8576,199
8577,227
8578,331
8579,127
8580,189
8581,231
8582,329
8583,182
8584,135
8585,90
8586,105
8587,349
8588,164
8589,70
8590,68
8591,68
8592,231
8593,251
8594,51
8595,32
8596,359
8597,199
8598,140
8599,199
8600,163
8601,12
8602,326
8603,110
8604,160
8605,325
8606,261
8607,42
8608,168
8609,324
8610,115
8611,79
8612,272
8613,270
8614,209
8615,171
8616,231
8617,101
8618,331
8619,184
8620,61
8621,177
8622,34
8623,164
8624,160
8625,178
8626,59
8627,209
8628,27
8629,41
8630,207
8631,354
8632,84
8633,70
8634,65
8635,260
8636,130
8637,231
8638,137
8639,290
8640,187
8641,297
8642,130
8643,345
8644,148
8645,358
8646,217
8647,302
8648,10
8649,264
8650,212
8651,80
8652,98
8653,268
8654,29
8655,31
8656,172
8657,47
8658,101
8659,214
8660,143
8661,102
8662,171
8663,251
8664,86
8665,153
8666,253
8667,236
8668,126
8669,45
8670,138
8671,231
8672,234
8673,171
8674,297
8675,62
8676,22
8677,176
8678,103
8679,138
8680,154
8681,272
8682,210
8683,159
8684,55
8685,37
8686,346
8687,321
8688,209
8689,166
8690,353
8691,1
8692,63
8693,197
8694,245
8695,3
8696,267
8697,72
8698,136
8699,268
8700,297
8701,55
8702,184
8703,187
8704,126
8705,139
8706,329
8707,10
8708,333
8709,348
8710,51
8711,158
8712,223
8713,318
8714,200
8715,341
8716,332
8717,210
8718,271
8719,262
8720,117
8721,218
8722,272
8723,295
8724,157
8725,249
8726,49
8727,184
8728,313
8729,44
8730,117
8731,14
8732,141
8733,271
8734,335
8735,12
8736,277
8737,111
8738,65
8739,336
8740,20
8741,289
8742,262
8743,23
8744,229
8745,164
8746,346
8747,162
8748,43
8749,291
8750,350
8751,100
8752,29
8753,295
8754,18
8755,55
8756,341
8757,195
8758,146
8759,50
8760,140
8761,90
8762,124
8763,242
8764,318
8765,230
8766,285
8767,148
8768,267
8769,97
8770,141
8771,241
8772,12
8773,193
8774,330
8775,70
8776,331
8777,328
8778,22
8779,131
8780,278
8781,254
8782,324
8783,11
8784,236
8785,154
8786,40
8787,61
8788,117
8789,335
8790,34
8791,355
8792,297
8793,261
8794,157
8795,307
8796,22
8797,355
8798,303
8799,88
8800,21
8801,250
8802,53
8803,25
8804,184
8805,343
8806,145
8807,74
8808,145
8809,61
8810,103
8811,181
8812,28
8813,344
8814,194
8815,126
8816,127
8817,122
8818,284
8819,78
8820,181
8821,99
8822,227
8823,260
8824,292
8825,230
8826,295
8827,46
8828,245
8829,284
8830,236
8831,150
8832,243
8833,70
8834,33
8835,48
8836,213
8837,119
8838,88
8839,10
8840,67
8841,11
8842,204
8843,20
8844,84
8845,163
8846,96
8847,337
8848,156
8849,8
8850,324
8851,105
8852,256
8853,226
8854,88
8855,310
8856,38
8857,32
8858,253
8859,119
8860,299
8861,86
8862,207
8863,319
8864,256
8865,40
8866,127
8867,65
8868,2
8869,94
8870,319
8871,53
8872,168
8873,327
8874,256
8875,6
8876,245
8877,131
8878,38
8879,104
8880,341
8881,278
8882,21
8883,49
8884,322
8885,306
8886,207
8887,159
8888,207
8889,108
8890,147
8891,176
8892,31
8893,101
8894,183
8895,9
8896,351
8897,306
8898,260
8899,289
8900,53
8901,27
8902,236
8903,113
8904,100
8905,65
8906,30
8907,322
8908,136
8909,332
8910,248
8911,175
8912,312
8913,327
8914,99
8915,267
8916,190
8917,217
8918,303
8919,176
8920,39
8921,59
8922,96
8923,217
8924,222
8925,80
8926,111
8927,114
8928,107
8929,251
8930,194
8931,136
8932,180
8933,130
8934,256
8935,294
8936,182
8937,3
8938,65
8939,349
8940,210
8941,212
8942,330
8943,64
8944,225
8945,167
8946,345
8947,213
8948,85
8949,96
8950,266
8951,329
8952,325
8953,248
8954,30
8955,358
8956,28
8957,318
8958,358
8959,249
8960,102
8961,120
8962,64
8963,76
8964,339
8965,140
8966,340
8967,359
8968,253
8969,225
8970,357
8971,69
8972,331
8973,339
8974,186
8975,65
8976,237
8977,200
8978,262
8979,57
8980,299
8981,130
8982,151
8983,285
8984,83
8985,334
8986,112
8987,308
8988,32
8989,71
8990,85
8991,144
8992,346
8993,80
8994,291
8995,11
8996,140
8997,3
8998,279
8999,299
9000,305
9001,186
9002,36
9003,301
9004,293
9005,145
9006,96
9007,323
9008,141
9009,40
9010,172
9011,122
9012,11
9013,246
9014,243
9015,208
9016,32
9017,175
9018,226
9019,127
9020,11
9021,91
9022,265
9023,272
9024,12
9025,67
9026,148
9027,110
9028,170
9029,105
9030,139
9031,194
9032,241
9033,62
9034,302
9035,345
9036,127
9037,257
9038,187
9039,219
9040,10
9041,77
9042,333
9043,123
9044,112
9045,320
9046,200
9047,18
9048,247
9049,306
9050,184
9051,207
9052,11
9053,304
9054,191
9055,161
9056,67
9057,333
9058,63
9059,1
9060,292
9061,167
9062,269
9063,150
9064,275
9065,351
9066,274
9067,45
9068,23
9069,329
9070,41
9071,3
9072,210
9073,300
9074,297
9075,39
9076,149
9077,185
9078,166
9079,41
9080,69
9081,340
9082,69
9083,347
9084,14
9085,61
9086,73
9087,180
9088,329
9089,186
9090,7
9091,220
9092,205
9093,22
9094,208
9095,8
9096,269
9097,26
9098,343
9099,59
9100,209
9101,287
9102,206
9103,106
9104,55
9105,123
9106,62
9107,86
9108,275
9109,28
9110,196
9111,154
9112,276
9113,58
9114,122
9115,32
9116,7
9117,330
9118,257
9119,281
9120,27
9121,75
9122,323
9123,78
9124,109
9125,5
9126,177
9127,193
9128,110
9129,190
9130,60
9131,29
9132,344
9133,28
9134,78
9135,44
9136,221
9137,309
9138,225
9139,302
9140,261
9141,15
9142,122
9143,253
9144,36
9145,248
9146,17
9147,207
9148,248
9149,67
9150,218
9151,170
9152,205
9153,247
9154,102
9155,42
9156,346
9157,357
9158,173
9159,109
9160,357
9161,13
9162,51
9163,308
9164,55
9165,97
9166,197
9167,93
9168,327
9169,10
9170,254
9171,324
9172,113
9173,49
9174,95
9175,157
9176,1
9177,60
9178,88
9179,356
9180,139
9181,289
9182,286
9183,10
9184,280
9185,131
9186,167
9187,310
9188,216
9189,266
9190,48
9191,266
9192,176
9193,224
9194,15
9195,229
9196,114
9197,160
9198,54
9199,31
9200,75
9201,257
9202,145
9203,325
9204,229
9205,247
9206,256
9207,87
9208,170
9209,59
9210,118
9211,137
9212,229
9213,8
9214,171
9215,86
9216,68
9217,170
9218,328
9219,247
9220,334
9221,143
9222,18
9223,140
9224,221
9225,74
9226,257
9227,87
9228,71
9229,306
9230,158
9231,324
9232,148
9233,259
9234,171
9235,294
9236,201
9237,117
9238,270
9239,306
9240,80
9241,172
9242,235
9243,220
9244,283
9245,181
9246,283
9247,46
9248,235
9249,15
9250,234
9251,18
9252,71
9253,97
9254,21
9255,55
9256,308
9257,183
9258,267
9259,205
9260,301
9261,276
9262,271
9263,33
9264,60
9265,303
9266,333
9267,43
9268,128
9269,315
9270,2
9271,343
9272,272
9273,28
9274,4
9275,245
9276,337
9277,143
9278,306
9279,1
9280,258
9281,283
9282,321
9283,167
9284,258
9285,339
9286,142
9287,9
9288,182
9289,360
9290,129
9291,246
9292,19
9293,173
9294,89
9295,178
9296,74
9297,293
9298,96
9299,223
9300,299
9301,87
9302,244
9303,268
9304,360
9305,325
9306,118
9307,184
9308,118
9309,160
9310,320
9311,15
9312,138
9313,21
9314,93
9315,144
9316,183
9317,357
9318,302
9319,154
9320,190
9321,97
9322,145
9323,117
9324,299
9325,53
9326,64
9327,132
9328,270
9329,84
9330,285
9331,138
9332,191
9333,358
9334,120
9335,158
9336,169
9337,47
9338,33
9339,110
9340,43
9341,124
9342,347
9343,55
9344,216
9345,241
9346,149
9347,21
9348,44
9349,35
9350,248
9351,294
9352,235
9353,182
9354,306
9355,305
9356,284
9357,219
9358,97
9359,261
9360,205
9361,182
9362,318
9363,140
9364,308
9365,241
9366,79
9367,143
9368,8
9369,20
9370,142
9371,78
9372,246
9373,129
9374,70
9375,96
9376,294
9377,86
9378,334
9379,23
9380,215
9381,118
9382,305
9383,190
9384,275
9385,244
9386,62
9387,244
9388,195
9389,230
9390,17
9391,240
9392,326
9393,82
9394,33
9395,117
9396,238
9397,214
9398,268
9399,23
9400,305
9401,146
9402,351
9403,130
9404,34
9405,101
9406,138
9407,278
9408,220
9409,21
9410,279
9411,261
9412,278
9413,252
9414,161
9415,40
9416,71
9417,104
9418,311
9419,343
9420,158
9421,205
9422,315
9423,315
9424,288
9425,326
9426,347
9427,77
9428,181
9429,329
9430,269
9431,41
9432,348
9433,34
9434,215
9435,305
9436,81
9437,256
9438,190
9439,278
9440,353
9441,345
9442,68
9443,322
9444,93
9445,213
9446,285
9447,176
9448,141
9449,105
9450,183
9451,357
9452,73
9453,131
9454,295
9455,270
9456,1
9457,325
9458,204
9459,88
9460,257
9461,90
9462,255
9463,329
9464,200
9465,344
9466,51
9467,240
9468,233
9469,300
9470,36
9471,147
9472,205
9473,55
9474,207
9475,167
9476,265
9477,78
9478,73
9479,301
9480,338
9481,282
9482,315
9483,105
9484,181
9485,93
9486,351
9487,149
9488,356
9489,23
9490,342
9491,348
9492,251
9493,130
9494,74
9495,34
9496,249
9497,75
9498,97
9499,282
9500,326
9501,233
9502,56
9503,321
9504,28
9505,163
9506,261
9507,220
9508,83
9509,7
9510,33
9511,355
9512,128
9513,66
9514,308
9515,175
9516,115
9517,253
9518,258
9519,35
9520,236
9521,240
9522,330
9523,141
9524,334
9525,88
9526,40
9527,167
9528,76
9529,118
9530,32
9531,203
9532,107
9533,249
9534,191
9535,288
9536,177
9537,124
9538,83
9539,165
9540,192
9541,229
9542,308
9543,81
9544,31
9545,242
9546,185
9547,175
9548,191
9549,106
9550,332
9551,147
9552,172
9553,87
9554,237
9555,10
9556,284
9557,42
9558,102
9559,240
9560,130
9561,26
9562,241
9563,43
9564,66
9565,69
9566,90
9567,197
9568,294
9569,294
9570,96
9571,10
9572,317
9573,260
9574,305
9575,197
9576,178
9577,333
9578,308
9579,62
9580,209
9581,212
9582,75
9583,304
9584,267
9585,360
9586,183
9587,240
9588,175
9589,336
9590,280
9591,341
9592,175
9593,184
9594,169
9595,248
9596,56
9597,27
9598,290
9599,91
9600,267
9601,201
9602,40
9603,54
9604,129
9605,323
9606,238
9607,282
9608,50
9609,304
9610,239
9611,112
9612,228
9613,323
9614,330
9615,85
9616,162
9617,340
9618,194
9619,227
9620,221
9621,15
9622,338
9623,155
9624,160
9625,261
9626,5
9627,125
9628,214
9629,78
9630,271
9631,118
9632,283
9633,318
9634,185
9635,202
9636,261
9637,220
9638,259
9639,205
9640,273
9641,327
9642,181
9643,284
9644,65
9645,138
9646,65
9647,230
9648,75
9649,27
9650,309
9651,64
9652,19
9653,209
9654,248
9655,338
9656,336
9657,267
9658,139
9659,177
9660,171
9661,321
9662,106
9663,110
9664,27
9665,336
9666,178
9667,217
9668,36
9669,278
9670,254
9671,136
9672,310
9673,195
9674,23
9675,60
9676,336
9677,299
9678,76
9679,73
9680,87
9681,270
9682,343
9683,56
9684,299
9685,41
9686,25
9687,170
9688,68
9689,217
9690,99
9691,175
9692,130
9693,10
9694,307
9695,261
9696,111
9697,48
9698,118
9699,178
9700,135
9701,273
9702,64
9703,346
9704,132
9705,300
9706,305
9707,167
9708,60
9709,48
9710,19
9711,312
9712,62
9713,119
9714,354
9715,122
9716,59
9717,104
9718,195
9719,327
9720,149
9721,253
9722,268
9723,78
9724,157
9725,285
9726,256
9727,168
9728,356
9729,204
9730,133
9731,254
9732,321
9733,197
9734,30
9735,280
9736,154
9737,215
9738,168
9739,58
9740,344
9741,277
9742,174
9743,158
9744,63
9745,50
9746,18
9747,345
9748,353
9749,174
9750,198
9751,226
9752,336
9753,46
9754,214
9755,274
9756,104
9757,185
9758,96
9759,91
9760,37
9761,228
9762,145
9763,330
9764,171
9765,193
9766,301
9767,234
9768,324
9769,86
9770,269
9771,248
9772,87
9773,96
9774,291
9775,344
9776,184
9777,249
9778,247
9779,274
9780,55
9781,103
9782,54
9783,261
9784,275
9785,272
9786,225
9787,186
9788,52
9789,5
9790,122
9791,47
9792,55
9793,104
9794,48
9795,127
9796,42
9797,264
9798,33
9799,197
9800,337
9801,237
9802,223
9803,297
9804,301
9805,122
9806,324
9807,130
9808,264
9809,53
9810,353
9811,307
9812,137
9813,24
9814,50
9815,232
9816,52
9817,92
9818,299
9819,39
9820,185
9821,179
9822,252
9823,104
9824,264
9825,314
9826,336
9827,39
9828,80
9829,250
9830,215
9831,188
9832,192
9833,45
9834,97
9835,327
9836,319
9837,167
9838,21
9839,94
9840,4
9841,336
9842,311
9843,339
9844,199
9845,303
9846,289
9847,334
9848,55
9849,260
9850,22
9851,232
9852,243
9853,335
9854,227
9855,58
9856,359
9857,8
9858,353
9859,259
9860,59
9861,208
9862,343
9863,198
9864,258
9865,339
9866,181
9867,35
9868,286
9869,49
9870,164
9871,125
9872,337
9873,315
9874,136
9875,217
9876,81
9877,197
9878,215
9879,248
9880,146
9881,358
9882,51
9883,258
9884,360
9885,316
9886,167
9887,235
9888,192
9889,339
9890,176
9891,70
9892,319
9893,182
9894,57
9895,59
9896,263
9897,193
9898,271
9899,10
9900,345
9901,144
9902,259
9903,177
9904,234
9905,135
9906,96
9907,189
9908,90
9909,16
9910,290
9911,43
9912,356
9913,288
9914,239
9915,145
9916,226
9917,280
9918,137
9919,307
9920,138
9921,300
9922,122
9923,253
9924,284
9925,353
9926,243
9927,145
9928,224
9929,61
9930,135
9931,73
9932,188
9933,185
9934,182
9935,52
9936,228
9937,110
9938,42
9939,16
9940,212
9941,38
9942,23
9943,54
9944,346
9945,219
9946,187
9947,312
9948,299
9949,27
9950,109
9951,213
9952,35
9953,136
9954,270
9955,274
9956,38
9957,111
9958,73
9959,190
9960,287
9961,319
9962,33
9963,347
9964,181
9965,248
9966,359
9967,55
9968,96
9969,56
9970,3
9971,124
9972,56
9973,121
9974,116
9975,257
9976,205
9977,9
9978,89
9979,341
9980,118
9981,312
9982,160
9983,261
9984,337
9985,55
9986,172
9987,358
9988,337
9989,221
9990,233
9991,263
9992,243
9993,212
9994,45
9995,309
9996,91
9997,143
9998,178
9999,268
